price_btc,price_usd,total_supply,available_supply,symbol,24h_volume_usd,rank,id,market_cap_usd,supply_released,traded vol of mcap
1.0000000000,2609.7600000000,16472312,16472312,BTC,771386000,1,bitcoin,42988780965,1,2%
0.0796384000,206.3750000000,93587743,93587743,ETH,497258000,2,ethereum,19314170397,1,3%
0.0000675000,0.1749300000,99994550338,38332289584,XRP,42990700,3,ripple,6705467417,0.383343787,1%
0.0163294000,42.3160000000,52187932,52187932,LTC,87894700,4,litecoin,2208384546,1,4%
0.0769571000,199.4270000000,7451056,7451056,DASH,37213100,5,dash,1485941814,1,3%
0.0000622300,0.1612520000,8999999999,8999999999,XEM,2686870,6,nem,1451268000,1,0%
0.0057060100,14.7866000000,93951296,93951296,ETC,31340400,7,ethereum-classic,1389220233,1,2%
0.0001080700,0.2800540000,2779530283,2779530283,MIOTA,5360600,8,iota,778418574,1,1%
0.0177610000,46.0261000000,14845167,14845167,XMR,30210000,9,monero,683265153,1,4%
0.0019946900,5.1690400000,98479381,98479381,STRAT,12353200,10,stratis,509043861,1,2%
0.0007315000,1.8956300000,1000000000,244941316,EOS,72618800,11,eos,464318107,0.244941316,16%
0.0248575000,64.4159000000,7311237,6280305,BCC,3192270,12,bitconnect,404551516,0.858993492,1%
0.0028756900,7.4520700000,100000000,50000000,ANS,13601600,13,neo,372603500,0.5,4%
0.0023919800,6.1985900000,100000000,59000000,QTUM,15982400,14,qtum,365716810,0.59,4%
0.0000539500,0.1398130000,2597240000,2597240000,BTS,58233600,15,bitshares,363127916,1,16%
0.0730106000,189.2000000000,1829456,1829456,ZEC,14009500,16,zcash,346133123,1,4%
0.0003873400,1.0037500000,324951410,319501313,USDT,81955200,17,tether,320699443,0.983227963,26%
0.0593198000,153.7220000000,100000000,2006279,VERI,1172830,18,veritaseum,308409287,0.02006279,0%
0.0004945600,1.2816100000,254995301,238021207,STEEM,1371720,19,steem,305050359,0.933433699,0%
0.0012934500,3.3518500000,100000000,87000000,ICN,2263860,20,iconomi,291610950,0.87,1%
0.0010943700,2.8359600000,100000000,100000000,WAVES,2055240,21,waves,283596000,1,1%
0.0000033700,0.0087343400,28087694430,28087694430,SC,5927230,22,siacoin,245327473,1,2%
0.0000004900,0.0012798000,183176864839,183176864839,BCN,703222,23,bytecoin-bcn,234429752,1,0%
0.0779578000,202.0200000000,10000000,1104590,GNO,549668,24,gnosis-gno,223149272,0.110459,0%
0.0007623600,1.9755700000,110130295,110130295,LSK,2135460,25,lisk,217570107,1,1%
0.0000977300,0.2532660000,1000000000,833032000,GNT,1642830,26,golem-network-tokens,210978683,0.833032,1%
0.0000074000,0.0191820000,103117266298,10773071844,XLM,5558330,27,stellar,206649064,0.104473986,3%
0.0000228700,0.0592709000,6804870174,3470483788,SNT,39808500,28,status,205698698,0.51,19%
0.0000007100,0.0018334100,110395541698,110395541698,DOGE,3167600,29,dogecoin,202400290,1,2%
0.0070983700,18.3948000000,11000000,11000000,REP,1731010,30,augur,202342800,1,1%
0.1860160000,482.0440000000,1000000,365903,GBYTE,364543,31,byteball,176381350,0.365903,0%
0.0071830800,18.6143000000,8753219,8753219,FCT,1542990,32,factom,162935044,1,1%
0.0001319300,0.3418950000,452552412,452552412,MAID,1504470,33,maidsafecoin,154725407,1,1%
0.0000067300,0.0174400000,8742253657,8742253657,DGB,9986100,34,digibyte,152464904,1,7%
0.0097272500,25.2073000000,5830936,5410936,DCR,506444,35,decred,136395094,0.927970398,0%
0.0008261200,2.1408100000,63626136,63626136,GAME,665763,36,gamecredits,136211468,1,0%
0.0005340500,1.3839500000,140245398,98312024,OMG,4959120,37,omisego,136058926,0.701,4%
0.0242450000,62.8286000000,2000000,2000000,DGD,729943,38,digixdao,125657200,1,1%
0.0000467000,0.1210260000,1500000000,1000000000,BAT,1304520,39,basic-attention-token,121026000,0.666666667,1%
0.0008272600,2.1437700000,53932472,53932472,PIVX,537839,40,pivx,115618815,1,0%
0.0000445600,0.1154650000,998999495,998999495,ARDR,1430760,41,ardor,115349477,1,1%
0.0000423200,0.1096710000,998999983,998999983,NXT,6825210,42,nxt,109561327,1,6%
0.0003774200,0.9780520000,205218256,104661310,PAY,1614200,43,tenx,102364204,0.509999997,2%
0.0008137200,2.1086800000,100000000,48235104,MCAP,448206,44,mcap,101712399,0.48235104,0%
0.0009928900,2.5729900000,53252246,37004027,PPT,610040,45,populous,95210991,0.694881996,1%
0.0003564400,0.9236810000,100945510,100945510,KMD,240451,46,komodo,93241450,1,0%
0.0016371000,4.2423900000,66588888,21088888,MTL,683813,47,metal,89467288,0.316702811,1%
0.0003359800,0.8706540000,100000000,94869691,MGO,227903,48,mobilego,82598676,0.94869691,0%
0.0007576500,1.9633800000,79384422,40772871,BNT,1354730,49,bancor,80052639,0.513612998,2%
0.0001001200,0.2594520000,218405912,300000000,BDL,21568.3,50,bitdeal,77835600,1.373589191,0%
0.0000429700,0.1113580000,1000000000,600000000,SNGLS,330764,51,singulardtv,66814800,0.6,0%
0.0002948400,0.7640410000,93468691,85558371,1ST,3689860,52,firstblood,65370103,0.915369308,6%
0.0000930100,0.2410150000,1285690000,250490536,LKK,109475,53,lykke,60371977,0.194829653,0%
0.0006795600,1.7610200000,39609523,33605167,ANT,351248,54,aragon,59179371,0.848411303,1%
0.0000422900,0.1095790000,526404620,526404620,SYS,849535,55,syscoin,57682892,1,1%
0.0000653600,0.1693850000,1000000000,339351836,CVC,1102590,56,civic,57481111,0.339351836,2%
0.0171477000,44.4366000000,1288862,1288862,BTCD,50916.3,57,bitcoindark,57272653,1,0%
0.0003770500,0.9770910000,73197775,51306089,DCT,1923240,58,decent,50130718,0.700924161,4%
0.0001840400,0.4769190000,127745010,96495010,ARK,145388,59,ark,46020304,0.755372049,0%
0.0003449600,0.8939410000,51244728,51244728,NXS,73650.6,60,nexus,45809763,1,0%
0.0001980500,0.5132330000,95747118,87389700,LEO,238026,61,leocoin,44851278,0.912713634,1%
0.0004598500,1.1916600000,37537269,37537269,UBQ,144487,62,ubiq,44731662,1,0%
0.0022108500,5.7292100000,8644985,7648985,PART,92395.9,63,particl,43822641,0.884788695,0%
0.0041516400,10.7586000000,10083758,3960334,BLOCK,686975,64,blocknet,42607644,0.392743856,2%
0.0000042800,0.0110849000,17173696076,3839463249,FUN,440868,65,funfair,42560066,0.223566507,1%
0.0006697800,1.7356800000,24232028,24232028,PPC,258071,66,peercoin,42059046,1,1%
0.0003838500,0.9947110000,40445725,40445725,EMC,230167,67,emercoin,40231807,1,1%
0.0000011300,0.0029295500,13409472280,13409472280,XVG,436819,68,verge,39283720,1,1%
0.0002000300,0.5183730000,100000000,75000000,XAS,2998350,69,asch,38877975,0.75,8%
0.0001783400,0.4621400000,132046997,82046288,EDG,309767,70,edgeless,37916872,0.621341567,1%
0.0000167200,0.0433387000,1000000000,850000000,ROUND,229698,71,round,36837895,0.85,1%
0.0019993300,5.1810900000,7001623,7001623,DICE,777405,72,etheroll,36276037,1,2%
0.0000238500,0.0617966000,800000000,560000000,PLR,71873.1,73,pillar,34606096,0.7,0%
0.0003879800,1.0054300000,33390496,33390496,VSL,266610,74,vslice,33571806,1,1%
0.0000004500,0.0011670400,28573097096,28573097096,RDD,165648,75,reddcoin,33345947,1,0%
0.0105143000,27.2468000000,2222991,1222991,NMR,195402,76,numeraire,33322597,0.550155624,1%
0.0001573200,0.4076830000,86999785,79070793,RLC,192890,77,rlc,32235818,0.908861936,1%
0.0001323800,0.3430440000,100000000,89708333,WINGS,177505,78,wings,30773905,0.89708333,1%
0.0000859600,0.2227700000,127110892,127110892,XAUR,131246,79,xaurum,28316494,1,0%
0.0182192000,47.2133000000,749400,599400,MLN,192283,80,melon,28299652,0.799839872,1%
0.0001578100,0.4089410000,424999998,68476994,STORJ,194563,81,storj,28003050,0.16112234,1%
0.0001559900,0.4042310000,466424524,68524524,LBC,1991360,82,library-credit,27699737,0.146914496,7%
0.0000647300,0.1677450000,184190414,162858414,HMQ,345048,83,humaniq,27318685,0.884185069,1%
0.0006996000,1.8129600000,14736400,14736400,NMC,97487.1,84,namecoin,26716504,1,0%
0.0000290800,0.0753505000,451787700,349767545,NLG,109123,85,gulden,26355159,0.77418563,0%
0.0001883300,0.4880310000,52807275,52807275,MONA,57807.1,86,monacoin,25771587,1,0%
0.0001844600,0.4780060000,65000000,52000000,QRL,159054,87,quantum-resistant-ledger,24856312,0.8,1%
0.0035158800,9.1110700000,2618253,2618253,XCP,181329,88,counterparty,23855084,1,1%
0.0024177300,6.2653100000,5469073,3690337,PPY,13284.3,89,peerplays-ppy,23121108,0.674764626,0%
0.0017466800,4.5263500000,5068656,5068656,CLOAK,234769,90,cloakcoin,22942511,1,1%
0.0000401200,0.1039690000,217412301,217412301,POT,693384,91,potcoin,22604140,1,3%
0.0000097700,0.0253262000,1011211988,886211988,EDR,353283,92,e-dinar-coin,22444382,0.876385959,2%
0.0000084900,0.0220010000,1007629474,1007629474,BAY,74944,93,bitbay,22168856,1,0%
0.0005463900,1.4159000000,15093948,15093948,SIB,67675.8,94,sibcoin,21371522,1,0%
0.0014114100,3.6575400000,100000000,5818526,SKY,48988.8,95,skycoin,21281492,0.05818526,0%
0.0144898000,37.5490000000,615713,559397,OMNI,88807.9,96,omni,21004806,0.908535308,0%
0.0000969100,0.2511250000,100000000,82864312,XEL,272656,97,elastic,20809300,0.82864312,1%
0.0003477200,0.9010950000,22767631,22767631,VIA,347202,98,viacoin,20515798,1,2%
0.0001031400,0.2672750000,100000000,76001556,XRL,32906.4,99,rialto,20313316,0.76001556,0%
0.0000923600,0.2393400000,246855127,81947080,QAU,65945.4,100,quantum,19613214,0.331964262,0%
0.0000913800,0.2367950000,949291063,82256324,AMP,253441,101,synereo,19477886,0.086650267,1%
0.0000114800,0.0297494000,5000000000,651120280,SOAR,25886.2,102,soarcoin,19370438,0.130224056,0%
0.0000961400,0.2491450000,76275260,76275260,BLK,738956,103,blackcoin,19003600,1,4%
0.0027493800,7.1247600000,2639197,2639197,XZC,189439,104,zcoin,18803645,1,1%
0.0004779100,1.2384600000,20981830,15081830,ION,91647,105,ion,18678243,0.718804318,0%
0.0000117500,0.0304472000,1000000000,600000000,ADT,109731,106,adtoken,18268320,0.6,1%
0.0004345800,1.1261900000,15992500,15992500,OBITS,18801,107,obits,18010594,1,0%
0.0001851900,0.4799020000,37083947,37083947,VTC,770260,108,vertcoin,17796660,1,4%
0.0000546900,0.1417170000,124518891,124518891,GOLOS,25044.6,109,golos,17646444,1,0%
0.0008358500,2.1660300000,8146001,8146001,TAAS,149847,110,taas,17644482,1,1%
0.0001242700,0.3220340000,53193831,53193831,FAIR,154594,111,faircoin,17130222,1,1%
0.0021640300,5.6078900000,3020465,3020465,YBC,364588,112,ybcoin,16938437,1,2%
0.0003288900,0.8522760000,32433366,19429024,MYST,154877,113,mysterium,16558891,0.59904433,1%
0.0000190000,0.0492398000,444000000,331360000,SNM,200527,114,sonm,16316100,0.746306306,1%
0.0016356800,4.2387100000,3969565,3772587,PLBT,67035.1,115,polybius,15990901,0.950377938,0%
0.0000034000,0.0088224500,1806486186,1806486186,BURST,195968,116,burst,15937634,1,1%
0.0002567300,0.6652830000,39406760,23644056,TKN,201347,117,tokencard,15729988,0.6,1%
0.0000008700,0.0022596200,6884493555,6884493555,XDN,900585,118,digitalnote,15556339,1,6%
0.0003630000,0.9406810000,16352130,16352130,IOC,23219.8,119,iocoin,15382138,1,0%
0.0000133100,0.0344916000,8888888888,444444444,ECOB,19916.9,120,ecobit,15329600,0.05,0%
0.0000005200,0.0013560800,11220137562,11220137562,EAC,1174960,121,earthcoin,15215404,1,8%
0.0005102200,1.3222000000,25000000,11422939,B@,2090.1,122,bankcoin,15103410,0.45691756,0%
0.0000928300,0.2405500000,61544604,61544604,NAV,81239.7,123,nav-coin,14804555,1,1%
0.0012454800,3.2275400000,110000000,4528999,FRST,75915,124,firstcoin,14617527,0.041172718,1%
0.0054000100,13.9936000000,1008656,1008656,DBIX,126461,125,dubaicoin-dbix,14114729,1,1%
0.0000039600,0.0102657000,1524840478,1374840478,MUSE,7903.49,126,bitshares-music,14113700,0.901629054,0%
0.0000025200,0.0065324000,2147483647,2147483647,SAFEX,258770,127,safe-exchange-coin,14028222,1,2%
0.0000292100,0.0757031000,200000000,183000000,WGR,45182.4,128,wagerr,13853667,0.915,0%
0.0006881500,1.7832800000,16690479,7690479,EXP,114895,129,expanse,13714277,0.460770419,1%
0.0000250800,0.0650007000,210000000,210000000,VOX,628187,130,voxels,13650147,1,5%
0.1209730000,313.4890000000,48770,42770,COE,476229,131,coeval,13407925,0.876973549,4%
0.0000243000,0.0629704000,212286335,212286335,EMC2,4921770,132,einsteinium,13367755,1,37%
0.0015411300,3.9937000000,3303802,3303802,RADS,69655.8,133,radium,13194395,1,1%
0.0000252100,0.0653184000,10000000000,202000000,UNY,39780.6,134,unity-ingot,13194317,0.0202,0%
0.0000536000,0.1388980000,100000000,92147500,TRST,133776,135,trust,12799103,0.921475,1%
0.0001170000,0.3031950000,42000000,42000000,AGRS,5991.06,136,agoras-tokens,12734190,1,0%
0.0000000200,0.0000569007,222173516131,222173516131,MOON,16809.7,137,mooncoin,12641829,1,0%
0.0000124600,0.0322808000,390312753,390312753,GRC,46613.6,138,gridcoin,12599608,1,0%
0.0002090000,0.5416040000,22747809,22747809,DTB,50861.3,139,databits,12320304,1,0%
0.0013798200,3.5756800000,211674991,3386099,ECN,133429,140,e-coin,12107605,0.015996689,1%
0.0000385400,0.0998728000,121088788,121088788,ENRG,12583.9,141,energycoin,12093476,1,0%
0.0000373100,0.0966845000,500000000,125000000,CFI,235670,142,cofound-it,12085563,0.25,2%
0.0045484700,11.7869000000,1003922,1003922,SLS,9894.64,143,salus,11833130,1,0%
0.0000773500,0.2004570000,83337000,58721917,SAN,658572,144,santiment,11771219,0.704632,6%
0.0013115500,3.3987500000,3421618,3421618,NEOS,50780,145,neoscoin,11629225,1,0%
0.0003048800,0.7900670000,14584178,14584178,CRW,49725.9,146,crown,11522478,1,0%
0.0002902500,0.7521670000,15124103,15124103,CHC,256366,147,chaincoin,11375851,1,2%
0.0004302200,1.1148800000,10000000,10000000,BCAP,78592.2,148,bcap,11148800,1,1%
0.0059667400,15.4623000000,710113,710113,TIME,476782,149,chronobank,10979977,1,4%
0.0004974600,1.2891100000,8463340,8463340,SPR,34612.8,150,spreadcoin,10910177,1,0%
0.0000330200,0.0855670000,125643428,125643428,MUE,37648.5,151,monetaryunit,10750931,1,0%
0.0000407900,0.1057030000,200000000,100000000,BNB,208994,152,binance-coin,10570300,0.5,2%
0.0001300000,0.3368830000,786000000,30713455,EB3,325048,153,eb3-coin,10346841,0.039075642,3%
0.0022176500,5.7468400000,1785613,1785613,NVC,41694.5,154,novacoin,10261630,1,0%
0.0000000400,0.0001124400,90596274910,90596274910,IFC,941662,155,infinitecoin,10186645,1,9%
0.0000588100,0.1524090000,66521586,66521586,NXC,37804.1,156,nexium,10138488,1,0%
0.0045959800,11.9101000000,20000000,850000,PLU,104243,157,pluton,10123579,0.0425,1%
0.0000558600,0.1447530000,68032792,68032792,GRS,76336.2,158,groestlcoin,9847951,1,1%
0.0000499600,0.1294590000,98855150,75000000,GUP,98894.7,159,guppy,9709425,0.758685815,1%
0.0000053500,0.0138545000,700440359,700440359,BASH,125275,160,luckchain,9704251,1,1%
0.0000532800,0.1380830000,100002000,70000000,PTOY,288388,161,patientory,9665810,0.699986,3%
0.0014434700,3.7406300000,16285957,2538715,CLAM,162798,162,clams,9496394,0.155883686,2%
0.0004518700,1.1709800000,10000000,7997270,WCT,12640.9,163,waves-community-token,9364643,0.799727,0%
0.0181520000,47.0391000000,197776,197776,UNO,32580,164,unobtanium,9303189,1,0%
0.0001450500,0.3758860000,24588586,24588586,RBY,8169.81,165,rubycoin,9242505,1,0%
0.0003623400,0.9389770000,31587682,9813786,MCO,140021,166,monaco,9214920,0.310683956,2%
0.0000173200,0.0448848000,203055322,203055322,NLC2,11865.4,167,nolimitcoin,9114098,1,0%
0.0000550300,0.1426140000,63802400,63802400,BITCNY,844539,168,bitcny,9099115,1,9%
0.0000205000,0.0531347000,169882200,169882200,FTC,1008820,169,feathercoin,9026640,1,11%
0.0000322100,0.0834650000,107387215,107387215,RISE,113161,170,rise,8963074,1,1%
0.0002242700,0.5811640000,15000000,15000000,NVST,19008.3,171,nvo,8717460,1,0%
0.0000289000,0.0748903000,114964572,114964572,WDC,728567,172,worldcoin,8609731,1,8%
0.0001413900,0.3663900000,23256478,23256478,BCY,26625.2,173,bitcrystals,8520941,1,0%
0.0002973800,0.7706210000,11014178,11014178,SHIFT,58986.8,174,shift,8487757,1,1%
0.0000152900,0.0396175000,296897201,211897201,LMC,204970,175,lomocoin,8394837,0.71370562,2%
0.0004224500,1.0947500000,7572564,7572564,SWT,311573,176,swarm-city,8290064,1,4%
0.0000126200,0.0326924000,251468297,251468297,QRK,170141,177,quark,8221102,1,2%
0.0000246200,0.0637974000,125556620,125556620,NOTE,42672.2,178,dnotes,8010186,1,1%
0.0001084400,0.2810060000,27618208,27618208,HEAT,11251,179,heat-ledger,7760882,1,0%
0.0000986100,0.2555280000,30319041,30319041,VRC,265976,180,vericoin,7747364,1,3%
0.0000312100,0.0808727000,100000000,95000000,MGC,205652,181,mergecoin,7682907,0.95,3%
0.0001464000,0.3793740000,20022645,20022645,XPM,335733,182,primecoin,7596071,1,4%
0.0296473000,76.8283000000,98576,98576,XBC,49211.6,183,bitcoin-plus,7573461,1,1%
0.0000041300,0.0106930000,701884009,701884009,PEPECASH,29757.5,184,pepe-cash,7505246,1,0%
0.0000206200,0.0534290000,135625732,135625732,FLO,165864,185,florincoin,7246347,1,2%
0.0000055100,0.0142660000,1000000000,507731988,FLDC,108778,186,foldingcoin,7243305,0.507731988,2%
0.0000442600,0.1147000000,77663987,62131190,ETT,14132.5,187,encryptotel,7126447,0.800000005,0%
0.0000817400,0.2118310000,32886450,32886450,MEC,3026820,188,megacoin,6966370,1,43%
0.0008701900,2.2550200000,3082940,3082940,SPHR,45027.7,189,sphere,6952092,1,1%
0.0011891000,3.0814400000,2204047,2204047,DMD,12464.1,190,diamond,6791639,1,0%
0.0000039500,0.0102401000,650000000,650000000,XBY,17656.5,191,xtrabytes,6656065,1,0%
0.0000350000,0.0907025000,72183416,72183416,OK,464820,192,okcash,6547216,1,7%
0.0021105000,5.4691600000,1188933,1188933,GAM,3084.75,193,gambit,6502463,1,0%
0.0000051000,0.0132224000,504542840,479542840,DAXX,10012.3,194,daxxcoin,6340707,0.950450194,0%
0.0000060400,0.0156485000,400339746,400339746,VASH,534882,195,vpncoin,6264717,1,9%
0.0002292200,0.5940090000,10500000,10500000,NET,133330,196,nimiq,6237095,1,2%
0.0000069100,0.0179124000,343803523,343803523,XCN,1743970,197,cryptonite,6158346,1,28%
0.0014600000,3.7834500000,1602688,1602688,ZEN,56772.1,198,zencash,6063688,1,1%
0.0000000080,0.0000203623,295520938520,295520938520,SPRTS,3570.3,199,sprouts,6017486,1,0%
0.0010074000,2.6105800000,2703356,2297853,LUN,110878,200,lunyr,5998729,0.850000148,2%
0.0000621100,0.1609490000,36657200,36657200,BELA,34917.4,201,belacoin,5899940,1,1%
0.0001555600,0.4031150000,14533740,14533740,AEON,16203.7,202,aeon,5858769,1,0%
0.0000097800,0.0253561000,224037749,224037749,ICASH,98806.1,203,icash,5680724,1,2%
0.0000020900,0.0054182800,1200000000,1000000000,COVAL,107707,204,circuits-of-value,5418280,0.833333333,2%
0.0000513700,0.1331120000,100000000,40000000,ADX,1494450,205,adex,5324480,0.4,28%
0.0000445700,0.1154920000,46016625,46016425,INCNT,126034,206,incent,5314529,0.999995654,2%
0.0001268900,0.3288380000,15886700,15886700,BSD,37711.9,207,bitsend,5224151,1,1%
0.0001680600,0.4355190000,11846300,11846300,PASC,43671.7,208,pascal-coin,5159289,1,1%
0.0001659400,0.4300230000,11875141,11875141,CRB,230189,209,creditbit,5106584,1,5%
0.0000009500,0.0024626300,2042857000,2042857000,BITB,65126.7,210,bitbean,5030801,1,1%
0.0000000900,0.0002355660,20362731326,20362731326,ESP,15623.1,211,espers,4796767,1,0%
0.0000517000,0.1339830000,98034225201,35437965,SLR,8299.14,212,solarcoin,4748085,0.000361486,0%
0.0003935600,1.0198700000,6000000000,4535089,PZM,14091.6,213,prizm,4625201,0.000755848,0%
0.0000171200,0.0443675000,102962996,102962996,GCR,16715.2,214,global-currency-reserve,4568211,1,0%
0.0002014100,0.5219440000,8658139,8658139,AUR,15655.5,215,auroracoin,4519064,1,0%
0.0000067200,0.0174197000,255466946,255466946,MUSIC,39964.7,216,musicoin,4450158,1,1%
0.0000049500,0.0128396000,375646200,345646200,PINK,293542,217,pinkcoin,4437959,0.920137619,7%
0.0000175400,0.0454606000,340282367,97321327,XRB,47535.2,218,raiblocks,4424286,0.286001675,1%
0.0001108500,0.2872580000,15254447,15254447,XVC,21263.3,219,vcash,4381962,1,0%
0.0000278000,0.0720407000,59681661,59681661,MAX,357442,220,maxcoin,4299509,1,8%
0.0000000600,0.0001554840,24859177295,24859177295,ECC,964.862,221,eccoin,3865204,1,0%
0.0003433400,0.8897340000,4076179,4076179,BLITZ,23583.9,222,blitzcash,3626715,1,1%
0.0000588600,0.1525390000,23729361,23729361,CURE,24552.4,223,curecoin,3619653,1,1%
0.0010485600,2.7172500000,1322431,1322431,CRAVE,117775,224,crave,3593376,1,3%
0.0000001500,0.0003938200,9122988387,9122988387,NKA,8146.36,225,incakoin,3592815,1,0%
0.0000223700,0.0579650000,61657044,61657044,ZCC,965106,226,zccoin,3573951,1,27%
0.0000340400,0.0882154000,40385220,40385220,GLD,5053.01,227,goldcoin,3562598,1,0%
0.0000080900,0.0209599000,166418238,166418238,ZET,308761,228,zetacoin,3488110,1,9%
0.0003860800,1.0004900000,3444810,3444810,BITUSD,96921.2,229,bitusd,3446498,1,3%
0.0003687500,0.9555890000,3589695,3589695,SBD,82403.1,230,steem-dollars,3430273,1,2%
0.0000287800,0.0745807000,44846692,44846692,SEQ,13479.4,231,sequence,3344698,1,0%
0.0000063300,0.0164034000,200563064,200563064,PUT,10034.3,232,putincoin,3289916,1,0%
0.0000016100,0.0041671200,787491250,787491250,ABY,76499.1,233,applebyte,3281571,1,2%
0.0000126000,0.0326452000,110144074,100144074,ATMS,1470.55,234,atmos,3269223,0.909209823,0%
0.0016209400,4.2005100000,877394,777394,APX,13656.2,235,apx,3265451,0.886026118,0%
0.0005301900,1.3739300000,2371837,2371837,WBB,12150.5,236,wild-beast-block,3258739,1,0%
0.0001874800,0.4858470000,6666666,6666666,EMV,614.333,237,ethereum-movie-venture,3238980,1,0%
0.0002661200,0.6896380000,5324245,4686630,STA,2825.86,238,starta,3232078,0.880243114,0%
0.0000337000,0.0873406000,35778975,35778975,RIC,296504,239,riecoin,3124957,1,9%
0.0000740400,0.1918740000,16180000,16180000,NAUT,75703.7,240,nautiluscoin,3104521,1,2%
0.0000000030,0.0000067755,443168182458,443168182458,TIPS,6084.08,241,fedoracoin,3002673,1,0%
0.0001143100,0.2962240000,10093110,10092387,RLT,24866.5,242,roulettetoken,2989607,0.999928367,1%
0.0000011500,0.0029726800,1000769427,1000769427,ZENI,11843.1,243,zennies,2974967,1,0%
0.0000000020,0.0000055989,530622394256,530622394256,DIME,4893.29,244,dimecoin,2970896,1,0%
0.0002752200,0.7132180000,4162249,4162249,EXCL,163768,245,exclusivecoin,2968591,1,6%
0.0000431500,0.1118190000,26533944,26533944,XST,44986.9,246,stealthcoin,2966999,1,2%
0.0001196200,0.3099850000,9532480,9532480,XBB,11487.9,247,boolberry,2954926,1,0%
0.0000824500,0.2136610000,13623762,13623762,DAR,10286.9,248,darcrus,2910867,1,0%
0.0003812300,0.9879140000,2914354,2914354,SNRG,378601,249,synergy,2879131,1,13%
0.0000000300,0.0000772181,36911906974,36911906974,ZEIT,4384.26,250,zeitcoin,2850267,1,0%
0.0000007200,0.0018627400,1499693500,1499693500,XMY,70672,251,myriad,2793539,1,3%
0.0000000400,0.0001126530,24791772559,24791772559,MINT,2346.81,252,mintcoin,2792868,1,0%
0.0000718000,0.1860740000,18557860,14807860,INSN,16058.6,253,insanecoin-insn,2755358,0.797929287,1%
0.0000153500,0.0397761000,222295208,68610759,BQX,14562.4,254,bitquence,2729068,0.308647045,1%
0.0000514000,0.1331940000,20446404,20446404,XSPEC,5228.03,255,spectrecoin,2723338,1,0%
0.0000433600,0.1123660000,23931151,23931151,ARC,38181.7,256,arcticcoin,2689048,1,1%
0.0002550200,0.6608610000,4064130,4064130,SWIFT,49184.3,257,bitswift,2685825,1,2%
0.0000207200,0.0536940000,50000000,50000000,PDC,134830,258,project-decorum,2684700,1,5%
0.0005922800,1.5348400000,4499888,1745984,DYN,163655,259,dynamic,2679806,0.388006101,6%
0.0001770000,0.4586790000,5827891,5827891,XC,1026.2,260,xcurrency,2673131,1,0%
0.0012366700,3.2047000000,16825578,825578,VSM,3797.16,261,voise,2645730,0.049066843,0%
0.0004287900,1.1111700000,4988894,2360574,ZRC,41334.6,262,zrcoin,2622999,0.473165796,2%
0.0000895700,0.2321040000,11268860,11268860,SYNX,652809,263,syndicate,2615547,1,25%
0.0021183500,5.4895100000,472649,472649,ICOO,6272.28,264,ico-openledger,2594612,1,0%
0.0005199400,1.3473900000,1809800,1809800,ZCL,20540.2,265,zclassic,2438506,1,1%
0.0000084500,0.0218974000,111085648,111085648,DOPE,44360.4,266,dopecoin,2432487,1,2%
0.0000011300,0.0029389300,819249149,819249149,ADC,2882.75,267,audiocoin,2407716,1,0%
0.0001855700,0.4808830000,4965671,4965671,BTA,27152.5,268,bata,2387907,1,1%
0.0000431800,0.1118900000,25201489,21058198,JNS,1197.2,269,janus,2356202,0.835593405,0%
0.0000279500,0.0724298000,100000000,32105593,TRIG,4099.53,270,triggers,2325402,0.32105593,0%
0.0001588600,0.4116610000,5622293,5622293,TAG,287456,271,tagcoin,2314479,1,12%
0.0000805000,0.2086040000,12347663,10635935,CREA,2299.43,272,creativecoin,2218699,0.86137231,0%
0.0001355000,0.3511360000,6268082,6268082,BRX,10473,273,breakout-stake,2200949,1,0%
0.0000248600,0.0644343000,33356077,33356077,RNS,19611,274,renos,2149275,1,1%
0.0000063300,0.0164068000,126764507,126764507,FST,31067.9,275,fastcoin,2079800,1,1%
0.0000033300,0.0086327800,502924000,237924000,DOT,13909.2,276,dotcoin,2053946,0.47308142,1%
0.0000155100,0.0401837000,62679622,50679622,VISIO,15394.7,277,visio,2036495,0.808550217,1%
0.0000285500,0.0739847000,250377576,27335736,QWARK,8753.34,278,qwark,2022426,0.109178052,0%
0.0000098100,0.0254340000,91859176,77231176,CANN,98671.5,279,cannabiscoin,1964298,0.840756246,5%
0.0000575000,0.1490060000,1812878667,12878667,FNC,42807.8,280,fincoin,1918999,0.007103987,2%
0.0003752000,0.9722960000,1968061,1968061,KORE,13433.7,281,korecoin,1913537,1,1%
0.0001187800,0.3078190000,7246887,6146887,EQT,15694.4,282,equitrader,1892128,0.848210687,1%
0.0006017000,1.5592600000,1201855,1201855,VRM,14315.9,283,veriumreserve,1874005,1,1%
0.0000399900,0.1036400000,18065547,18065547,BRK,12281.3,284,breakout,1872313,1,1%
0.0000013900,0.0036020600,514684564,514684564,2GIVE,228922,285,2give,1853925,1,12%
0.0000079900,0.0207170000,488183483,88183483,SKIN,16463.7,286,skincoin,1826897,0.180635941,1%
0.0000711100,0.1842750000,9877698,9877698,ERC,3280.85,287,europecoin,1820213,1,0%
0.0000000300,0.0000779454,23266935688,23266935688,1337,6494.37,288,1337,1813551,1,0%
0.0001946100,0.5043090000,10000150,3562111,CCRB,49522,289,cryptocarbon,1796405,0.356205757,3%
0.0003402500,0.8817290000,30000000,2000000,LGD,217667,290,legends-room,1763458,0.066666667,12%
0.0001736800,0.4500710000,3901180,3901180,BTM,62038.1,291,bitmark,1755808,1,4%
0.0000121700,0.0315319000,55079320,55079320,ADZ,3096.5,292,adzcoin,1736756,1,0%
0.0000150400,0.0389672000,70000000,44100000,POSW,13608.4,293,posw-coin,1718454,0.63,1%
0.0000029300,0.0075912900,224041897,224041897,THC,17201.4,294,hempcoin,1700767,1,1%
0.0000352000,0.0912156000,18447770,18447770,HUC,23111.2,295,huntercoin,1682724,1,1%
0.0000000100,0.0000250675,66876281414,66876281414,TIX,19458.7,296,tickets,1676421,1,1%
0.0001060800,0.2748890000,6049988,6049988,TX,24020.5,297,transfercoin,1663075,1,1%
0.0000591600,0.1533080000,10815966,10815966,VTR,5603.21,298,vtorrent,1658174,1,0%
0.0000305000,0.0790436000,20849560,20849560,TRC,10359.1,299,terracoin,1648024,1,1%
0.0005684100,1.4729900000,1222363,1100888,HUSH,7095.8,300,hush,1621596,0.90062281,0%
0.0008122000,2.1047400000,770249,770249,MNE,11676.1,301,minereum,1621174,1,1%
0.0000625600,0.1621310000,9952089,9952089,PING,69479.4,302,cryptoping,1613542,1,4%
0.0000617000,0.1599020000,10000000,10000000,INPAY,26664.9,303,inpay,1599020,1,2%
0.0000000400,0.0001061620,14810736975,14810736975,LDOGE,224616,304,litedoge,1572337,1,14%
0.0000202900,0.0525784000,29682571,29682571,NTRN,7863.65,305,neutron,1560662,1,1%
0.0000465600,0.1206560000,11855487,11855487,BOST,1465.25,306,boostcoin,1430436,1,0%
0.0000022200,0.0057529200,248196489,248196489,XWC,8151.12,307,whitecoin,1427855,1,1%
0.0000042100,0.0109097000,129957644,129957644,PTC,3827.91,308,pesetacoin,1417799,1,0%
0.0001741700,0.4513500000,3137178,3137178,GEO,13411,309,geocoin,1415965,1,1%
0.0000407500,0.1056090000,13321301,13321301,EGC,28777.1,310,evergreencoin,1406849,1,2%
0.0000227900,0.0590557000,100000000,23472224,ADL,1779.3,311,adelphoi,1386169,0.23472224,0%
0.0000000200,0.0000424968,32514916898,32514916898,PND,1392.72,312,pandacoin-pnd,1381780,1,0%
0.0000116900,0.0302808000,70782220,45079785,START,7876.72,313,startcoin,1365052,0.636880067,1%
0.0000160100,0.0414841000,32230025,32230025,SIGT,165419,314,signatum,1337034,1,12%
0.0000117700,0.0304987000,43282161,43282161,SUPER,1332.31,315,supercoin,1320050,1,0%
0.0000163200,0.0423004000,32404041,30404041,XTO,881.668,316,tao,1286103,0.938279303,0%
0.0000334100,0.0865764000,14134285,14134285,PEPE,5431.18,317,memetic,1223696,1,0%
0.0000290500,0.0752718000,16110893,16110893,HKG,3385.6,318,hacker-gold,1212696,1,0%
0.0000767000,0.1987610000,100000000,5848075,FUNC,2573.51,319,funcoin,1162369,0.05848075,0%
0.0000139200,0.0360724000,32086595,32086595,TRUST,10161.4,320,trustplus,1157440,1,1%
0.0002801700,0.7260260000,2071013,1571013,ICE,15878.9,321,idice,1140596,0.758572254,1%
0.0000156700,0.0406052000,26297035,26297035,DGC,3564.6,322,digitalcoin,1067796,1,0%
0.0000266800,0.0691368000,20445955,15406615,EFL,12847.7,323,e-gulden,1065164,0.753528754,1%
0.0000095000,0.0246226000,70856774,43192633,FUCK,2508.43,324,fucktoken,1063515,0.609576623,0%
0.0000040100,0.0103924000,100000000,100000000,XTC,42987.7,325,tilecoin,1039240,1,4%
0.0000000100,0.0000254357,40659020000,40659020000,HTML5,2915.82,326,htmlcoin,1034191,1,0%
0.0032357600,8.3851800000,134063,122175,ALT,1044.63,327,altcoin-alt,1024462,0.911325272,0%
0.0000004100,0.0010699900,946555017,946555017,HYP,4182.57,328,hyperstake,1012804,1,0%
0.0000031500,0.0081633100,123603089,123603089,SXC,2612.2,329,sexcoin,1009010,1,0%
0.0000078600,0.0203665000,49369594,49369594,RAIN,7777.27,330,condensate,1005486,1,1%
0.0004009300,1.0389700000,50000000,960309,TKS,2862.01,331,tokes,997732,0.01920618,0%
0.0001099900,0.2850290000,3488990,3488990,NETKO,3282.28,332,netko,994463,1,0%
0.0000476400,0.1234530000,7906764,7906764,OTX,2071.97,333,octanox,976114,1,0%
0.0001797400,0.4657790000,200995023,1990045,CPC,4147.86,334,capricoin,926921,0.009900967,0%
0.0000006900,0.0017979800,493863915,493863915,LTBC,511.964,335,ltbcoin,887957,1,0%
0.0000002700,0.0007017790,1251855418,1251855418,CORG,24903.6,336,corgicoin,878526,1,3%
0.0000008700,0.0022662100,1000000000,381236123,RBX,8967.6,337,ripto-bux,863961,0.381236123,1%
0.0000040600,0.0105211000,81651033,81651033,BTX,5493.96,338,bitcointx,859059,1,1%
0.0000295100,0.0764686000,20935289,11208967,EL,3240.5,339,elcoin-el,857134,0.535410187,0%
0.0000000300,0.0000777422,20996318099,10996318099,HTC,960.991,340,hitcoin,854878,0.523726019,0%
0.0000005700,0.0014771000,886395300,577004618,FIMK,1020.58,341,fimkrypto,852294,0.650956315,0%
0.0000680300,0.1762930000,4764026,4764026,PKB,16925.5,342,parkbyte,839864,1,2%
0.0000800800,0.2075260000,3991735,3991735,FOOT,27814.3,343,footy-cash,828389,1,3%
0.0000437600,0.1134010000,7161514,7161514,XMG,8588.05,344,magi,812123,1,1%
0.0000000200,0.0000518281,15391971689,15391971689,CARBON,3768.71,345,carboncoin,797737,1,0%
0.0001070500,0.2774170000,15000053805,2815205,PROC,24103.3,346,procurrency,780986,0.00018768,3%
0.0002998700,0.7770750000,998687,998687,CBX,955.995,347,cryptogenic-bullion,776054,1,0%
0.0000033700,0.0087292500,88888888,88888888,DRACO,7440.9,348,dt-token,775933,1,1%
0.0000002400,0.0006151920,1219223402,1219223402,DCY,16451,349,dinastycoin,750056,1,2%
0.0000409400,0.1060840000,7049468,7049468,MOIN,1490,350,moin,747836,1,0%
0.0000312100,0.0808785000,10619262,9084669,XVP,3370.11,351,virtacoinplus,734754,0.855489675,0%
0.0589838000,152.8510000000,4773,4773,HERO,2907.56,352,sovereign-hero,729558,1,0%
0.0000641400,0.1662020000,5762000,4168000,E4ROW,853.788,353,ether-for-the-rest-of-the-world,692730,0.723359944,0%
0.0000002500,0.0006395290,1031709998,1031709998,FJC,3324.73,354,fujicoin,659808,1,1%
0.0001476300,0.3825690000,1701533,1701533,BYC,6480.46,355,bytecent,650954,1,1%
0.0000051800,0.0134246000,46785866,46785866,UIS,101224,356,unitus,628082,1,16%
0.0000138800,0.0359688000,17396723,17396723,DSH,5902.15,357,dashcoin,625739,1,1%
0.0000004200,0.0010780700,574683675,574683675,BLU,1058.26,358,bluecoin,619549,1,0%
0.0000721600,0.1869960000,3285249,3285249,BTSR,10765.1,359,btsr,614328,1,2%
0.0000050800,0.0131643000,50000000,46000000,CFT,3221.01,360,cryptoforecast,605558,0.92,1%
0.0001020000,0.2643240000,2278150,2278150,UNB,163184,361,unbreakablecoin,602170,1,27%
0.0000059900,0.0155144000,38601187,38601187,CSC,1514.6,362,casinocoin,598874,1,0%
0.0000000100,0.0000263125,22391034915,22391034915,CV2,1894.24,363,colossuscoin-v2,589164,1,0%
0.0000047500,0.0123113000,50000000,47700000,MBRS,952.689,364,embers,587249,0.954,0%
0.0000011600,0.0030173900,10189729990,189729990,XHI,103880,365,hicoin,572489,0.018619727,18%
0.0000002800,0.0007138190,787126712,787126712,NET,4950,366,netcoin,561866,1,1%
0.0065312000,16.9250000000,9999992,32000,ITI,103419,367,iticoin,541600,0.003200003,19%
0.0003841600,0.9955110000,1339789,523851,USNBT,236055,368,nubits,521500,0.390995149,45%
0.0000503800,0.1305510000,3965400,3965400,KRB,8824.45,369,karbowanec,517687,1,2%
0.0001161700,0.3010380000,1673383,1673383,INFX,20536,370,influxcoin,503752,1,4%
0.0000072400,0.0187654000,64080878,26542079,CNT,3434.61,371,centurion,498073,0.414196556,1%
0.0000025900,0.0067124100,72534516,72534516,TES,553.896,372,teslacoin,486881,1,0%
0.0000016800,0.0043535600,250000000,111288055,HODL,961.545,373,hodlcoin,484499,0.44515222,0%
0.0000028800,0.0074648900,60255850,60255850,VUC,5720.02,374,virta-unique-coin,449803,1,1%
0.0000043900,0.0113692000,38866150,38866150,PAK,1130.21,375,pakcoin,441877,1,0%
0.0000270000,0.0699680000,6096179,6096179,FCN,1273.29,376,fantomcoin,426537,1,0%
0.0000000020,0.0000041553,101753613294,101753613294,BUN,1445.34,377,bunnycoin,422820,1,0%
0.0005381700,1.3946100000,16445402,300896,BTX,10708.1,378,bitcore,419632,0.018296664,3%
0.0000000700,0.0001819540,2296852707,2296852707,NOBL,1102.41,379,noblecoin,417922,1,0%
0.0000241900,0.0626987000,6541841,6541841,TRUMP,3683.21,380,trumpcoin,410165,1,1%
0.0001350900,0.3500660000,1139520,1139520,ZER,888.715,381,zero,398907,1,0%
0.0000000030,0.0000066649,59719935819,59719935819,NYC,3054.76,382,newyorkcoin,398028,1,1%
0.0000419600,0.1087420000,3651264,3651264,ENT,19072.9,383,eternity,397046,1,5%
0.0001312100,0.3400220000,1164415,1164415,8BIT,1951.29,384,8bit,395927,1,0%
0.0020879500,5.4107400000,72891,72891,TRI,2164.29,385,triangles,394397,1,1%
0.0000045600,0.0118060000,177168552,32318551,CNC,126747,386,chncoin,381553,0.182416973,33%
0.0000092500,0.0239592000,15868233,15868233,POST,1459.38,387,postcoin,380190,1,0%
0.0004347000,1.1264800000,324902,324901,ETB,1262.93,388,ethbits,365994,0.999996922,0%
0.0000106800,0.0276762000,12202200,12202200,ZOI,1326.95,389,zoin,337711,1,0%
0.0000023400,0.0060638900,54288159,54288159,HBN,791.595,390,hobonickels,329197,1,0%
0.0002652300,0.6873120000,1143984,478039,DNR,11508.3,391,denarius-dnr,328562,0.417872103,4%
0.0000000009,0.0000023486,195636697100,139449133545,XP,2533.54,392,xp,327513,0.712796401,1%
0.0000042600,0.0110450000,27793416,27793416,DEM,692.509,393,deutsche-emark,306978,1,0%
0.0000010800,0.0028071200,210000000,105618830,YOC,1676.95,394,yocoin,296485,0.50294681,1%
0.0000082000,0.0212401000,13453876,13453876,UNIFY,15676,395,unify,285762,1,5%
0.0000286600,0.0742572000,3703640,3703640,FRN,1085.17,396,francs,275022,1,0%
0.0000100800,0.0261214000,10415252,10415252,RBIES,1442.9,397,rubies,272061,1,1%
0.0000004200,0.0010883900,247843989,247843989,Q2C,557.588,398,qubitcoin,269751,1,0%
0.0000009700,0.0025187700,106635905,106635905,XVS,587.26,399,vsync,268591,1,0%
0.0001050000,0.2720980000,9843072,954183,SUMO,3928.06,400,sumokoin,259631,0.096939553,2%
0.0000028600,0.0074114200,32963759,32963759,PSB,1089.32,401,pesobit,244308,1,0%
0.0003003400,0.7783030000,296216,296216,AU,978.571,402,aurumcoin,230546,1,0%
0.0001239900,0.3213110000,694413,694413,LTB,555.954,403,litebar,223123,1,0%
0.0000001100,0.0002889790,769836196,769836196,LANA,792.338,404,lanacoin,222466,1,0%
0.0003711300,0.9617440000,229995,229995,BUCKS,646.181,405,swagbucks,221196,1,0%
0.0000000600,0.0001559300,1414054562,1414054562,TEK,3457.06,406,tekcoin,220494,1,2%
0.0000002600,0.0006737720,322214524,322214524,FLT,703.698,407,fluttercoin,217099,1,0%
0.0000027300,0.0070733100,51000000,30000000,NEWB,1304.26,408,newbium,212199,0.588235294,1%
0.0000064500,0.0167247000,12328110,12328110,BSTY,1313.91,409,globalboost-y,206184,1,1%
0.0000023700,0.0061445300,33103520,33103520,XJO,1275.88,410,joulecoin,203406,1,1%
1.0022700000,2597.2800000000,74,74,BITBTC,8469.6,411,bitbtc,191126,1,4%
0.0000026900,0.0069750900,26125125,26125125,SCORE,2644.06,412,scorecoin,182225,1,1%
0.0000001700,0.0004433780,406141855,406141855,MI,44875.5,413,xiaomicoin,180074,1,25%
0.0000001700,0.0004335870,406568581,406568581,CJ,1550.53,414,cryptojacks,176283,1,1%
0.0002979100,0.7719980000,225534,225534,XPTX,818.438,415,platinumbar,174112,1,0%
0.0000107700,0.0279224000,6134652,6134652,4CHN,8621.76,416,chancoin,171294,1,5%
0.0000111900,0.0289978000,5816050,5816050,CAT,1221.03,417,catcoin,168653,1,1%
0.0000170600,0.0441966000,4802700,3802700,LINX,4950.96,418,linx,168066,0.791783788,3%
0.0000012600,0.0032745600,49521940,49521940,888,4641.66,419,octocoin,162163,1,3%
0.0000008300,0.0021467300,74384226,74384226,PIE,1399.07,420,piecoin,159683,1,1%
0.0000040400,0.0104746000,14985389,14985389,GB,960.849,421,goldblocks,156966,1,1%
0.0000006500,0.0016954600,90421856,90421856,TSE,1615.52,422,tattoocoin,153307,1,1%
0.0000051500,0.0133410000,11399515,11399515,ATOM,3241.35,423,atomic-coin,152081,1,2%
0.0000037300,0.0096655600,15681475,15681475,PXI,1363.05,424,prime-xi,151570,1,1%
0.0068193000,17.6716000000,8489,8489,BITSILVER,731.797,425,bitsilver,150018,1,0%
0.0000070400,0.0182514000,8030000,8030000,ASAFE2,3805.64,426,allsafe,146559,1,3%
0.0000190200,0.0492956000,8948003,2948003,CXT,8217.47,427,coinonat,145324,0.329459322,6%
0.0000013200,0.0034134300,1003920190,41807810,MSCN,1722.79,428,master-swiscoin,142708,0.041644555,1%
0.0000000400,0.0001120930,1259816434,1259816434,TTC,15270.6,429,tittiecoin,141217,1,11%
0.0000000600,0.0001604600,1000000000,879010000,KAYI,1923.36,430,kayi,141046,0.87901,1%
0.0000001400,0.0003631680,384970618,384970618,808,1221.2,431,808coin,139809,1,1%
0.0000032800,0.0084998100,875784324,15784324,GCC,1295.7,432,thegcccoin,134164,0.018023072,1%
0.0000003700,0.0009548570,140262505,140262505,ARI,1560.83,433,aricoin,133931,1,1%
0.5622710000,1457.0700000000,91,91,BITGOLD,1646.51,434,bitgold,132330,1,1%
0.0000067400,0.0174631000,7558738,7558738,QTL,740.668,435,quatloo,131999,1,1%
0.0000363100,0.0940865000,2161571,1400461,DAS,19124.8,436,das,131764,0.647890354,15%
0.0000023200,0.0060079400,21821800,21821800,GLT,963.785,437,globaltoken,131104,1,1%
0.0000044200,0.0114540000,791268000,11268000,PRC,14342.6,438,prcoin,129064,0.014240434,11%
0.0000030000,0.0077742200,16219513,16219513,BTCS,829.407,439,bitcoin-scrypt,126094,1,1%
0.0000037800,0.0097952300,12079496,12079496,MOJO,2895.68,440,mojocoin,118321,1,2%
0.0001133100,0.2936390000,1093895,400010,ECO,9597.73,441,ecocoin,117459,0.365674951,8%
0.0000081600,0.0211412000,5545325,5545325,FLAX,3151.4,442,flaxscript,117235,1,3%
0.0001252100,0.3244700000,394764,337343,XLR,1587.48,443,solaris,109458,0.854543474,1%
0.1400000000,362.7970000000,300,300,300,3129.54,444,300-token,108839,1,3%
0.0004528800,1.1735900000,91303,91303,BITEUR,5460.15,445,biteur,107152,1,5%
0.0000036500,0.0094492900,16803707,9603707,AMS,859.4,446,amsterdamcoin,90748,0.571523117,1%
0.0001621000,0.4200730000,194903,194903,PR,719.407,447,prototanium,81874,1,1%
0.0000002800,0.0007225550,10000000000,111080254,VRS,4170.23,448,veros,80262,0.011108025,5%
0.0000001500,0.0003887110,10025186872,196297971,KLC,535.805,449,kilocoin,76303,0.01958048,1%
0.0000010000,0.0025914100,100000000,28407805,FRC,28113.2,450,freicoin,73616,0.28407805,38%
0.0000000100,0.0000259422,2429126009,2429126009,CUBE,667.973,451,digicube,63017,1,1%
0.0000048800,0.0126542000,14618967,4618967,ERY,939.611,452,eryllium,58449,0.31595714,2%
0.0000044300,0.0114850000,5000000000,5000000,DIBC,665.521,453,dibcoin,57425,0.001,1%
0.0000489800,0.1269180000,418101,418101,611,559.218,454,sixeleven,53065,1,1%
0.0000000002,0.0000005162,100000000000,100000000000,DIX,938.99,455,dix-asset,51615,1,2%
0.0000004300,0.0011102400,45887218,45887218,$$$,800.62,456,money,50946,1,2%
0.0000049100,0.0127217000,3965716,3965716,UET,540.646,457,useless-ethereum-token,50451,1,1%
0.0000000007,0.0000019331,23905669976,23905669976,MEOW,1739.11,458,kittehcoin,46212,1,4%
0.0000075700,0.0196099000,18793500,2193500,CTIC2,6126.91,459,coinmatic-2,43014,0.116715886,14%
0.0000058900,0.0152705000,2619939,2619939,OFF,1342.94,460,cthulhu-offerings,40008,1,3%
0.0002259000,0.5853980000,68306,68306,HONEY,1131.42,461,honey,39986,1,3%
0.0000054600,0.0141491000,2689812,2689812,U,996.993,462,ucoin,38058,1,3%
0.0000088700,0.0229983000,1347978,1347978,SOCC,1385.9,463,socialcoin-socc,31001,1,4%
0.0000020700,0.0053745300,4829945,4829945,FUZZ,911.938,464,fuzzballs,25959,1,4%
0.0002769000,0.7175570000,33650,33650,BRIA,3421.97,465,briacoin,24146,1,14%
0.0000007400,0.0019065700,6662367704,12367704,REE,11014,466,reecoin,23580,0.001856353,47%
0.0000000900,0.0002267580,101221805,101221805,RIDE,509.318,467,ride-my-car,22953,1,2%
0.0000019900,0.0051554900,4394874,4394874,ACP,1253.36,468,anarchistsprime,22658,1,6%
0.0000403500,0.1045530000,10000201598,201598,WEX,1843.96,469,wexcoin,21078,2.01594E-05,9%
0.0046008400,11.9226000000,2150,1720,RSGP,1009.39,470,rsgpcoin,20512,0.8,5%
0.0000002900,0.0007515080,27251500,27251500,CASH,1505.45,471,cashcoin,20480,1,7%
0.0000006000,0.0015548400,10589400,10589400,CTO,1006.25,472,crypto,16465,1,6%
0.0000060000,0.0155484000,811023070,1023070,EBT,4716.36,473,ebittree-coin,15907,0.001261456,30%
0.0000095900,0.0248516000,91522218,522218,LVPS,18743.6,474,levoplus,12978,0.005705915,144%
0.0000008300,0.0021581000,161178500,4280260,LBTC,692.308,475,litebitcoin,9237,0.026556023,7%
0.0000011600,0.0030060300,102634608,2634608,ONX,529.68,476,onix,7920,0.025669782,7%
0.0000007600,0.0019673900,4005012,4005012,ELS,2417.75,477,elysium,7879,1,31%
0.0000027300,0.0070708900,21832000,832000,RUP,2639.52,478,rupee,5883,0.038109198,45%
0.0074484100,19.3019000000,816061,816061,UNITY,463.245,479,supernet-unity,15751524,1,0%
0.0500769000,129.7700000000,1000000,58703,JINN,129.77,480,jinn,7617888,0.058703,0%
0.0003545900,0.9188870000,7957316,7957316,SRC,40.6932,481,securecoin,7311874,1,0%
0.0000354500,0.0902967000,50612518,50612518,MED,,482,mediterraneancoin,4570143,1,0%
0.0000194500,0.0504029000,100000000,75000000,BPC,53.4006,483,bitpark-coin,3780218,0.75,0%
0.0000720000,0.1865890000,18342409,18342409,INSANE,111.164,484,insanecoin,3422492,1,0%
0.0012168500,3.3680200000,1000000,1000000,DEX,,485,instantdex,3368020,1,0%
0.0000431100,0.1117220000,30000000,30000000,CADASTRAL,120.986,486,bitland,3351660,1,0%
0.0000100000,0.0274488000,105061862,105061862,CNO,,487,coin,2883822,1,0%
0.0000008700,0.0022618200,924070376,924070376,AC,62.5103,488,asiacoin,2090081,1,0%
0.0006278600,1.7611100000,1000000,999352,PANGEA,,489,pangea-poker,1759969,0.999352,0%
0.0006384000,1.6211700000,1000000,1000000,FUND,,490,cryptofund,1621170,1,0%
0.0000297200,0.0770192000,20999088,20999088,IXC,112.491,491,ixcoin,1617333,1,0%
0.0000000050,0.0000141921,101168328395,101168328395,CAGE,132.349,492,cagecoin,1435791,1,0%
0.0001002200,0.2597080000,98928316,5428300,BLOCKPAY,368.191,493,blockpay,1409773,0.054871044,0%
0.0000001900,0.0004999920,3320232777,2702268334,NSR,335.57,494,nushares,1351113,0.813879181,0%
0.0000047200,0.0122252000,100000000,100000000,MER,350.826,495,mercury,1222520,1,0%
0.0002021800,0.5239330000,2110317,2110317,ANC,341.03,496,anoncoin,1105665,1,0%
0.0000063300,0.0164036000,65171010,65171010,GLC,6.89918,497,globalcoin,1069039,1,0%
0.0000372800,0.0965974000,38602656,10343113,USC,314.522,498,ultimate-secure-cash,999118,0.267937859,0%
0.0001900000,0.4923670000,1990891,1990891,BITZ,59.9755,499,bitz,980249,1,0%
0.0000001200,0.0002987580,3216020641,3216020641,GRE,64.9834,500,greencoin,960812,1,0%
0.0000338900,0.0878228000,10000000,9996939,WGO,6.58671,501,wavesgo,877959,0.9996939,0%
0.0000156000,0.0404180000,20979106,20979106,I0C,5.54473,502,i0coin,847933,1,0%
0.0067953700,17.6096000000,47503,47503,LNK,114.546,503,link-platform,836513,1,0%
0.0000310400,0.0804427000,10000162,10000162,YASH,296.285,504,yashcoin,804440,1,0%
0.0001554400,0.4076920000,1949703,1949703,ARC,,505,arcade-token,794878,1,0%
0.0003053500,0.7912880000,1000000,1000000,CASINO,0.791288,506,casino,791288,1,0%
0.0000967100,0.2506230000,2995604,2995604,ORB,137.011,507,orbitcoin,750767,1,0%
0.0000356500,0.0885453000,8216446,8216446,RC,,508,russiacoin,727528,1,0%
0.0000000200,0.0000473750,14359927500,14359927500,DVC,71.0186,509,devcoin,680302,1,0%
0.0000310000,0.0803336000,8035193,8035193,LOG,19.6014,510,woodcoin,645496,1,0%
0.0000025600,0.0066240600,97415544,97415544,CDN,298.788,511,canada-ecoin,645286,1,0%
0.0000000100,0.0000247711,25960250000,25960250000,SMLY,103.645,512,smileycoin,643064,1,0%
0.0000000020,0.0000044992,141684710000,141684710000,GCN,384.846,513,gcoin,637468,1,0%
0.0000114800,0.0297494000,21268092,21268092,BRIT,149.872,514,britcoin,632713,1,0%
0.0000005200,0.0013397100,447387767,447387767,V,445.875,515,version,599370,1,0%
0.0000334000,0.0865530000,6686320,6686320,SDC,44.8275,516,shadowcash,578721,1,0%
0.0000184000,0.0476921000,11645903,11645903,HPC,41.0504,517,happycoin,555418,1,0%
0.0000027000,0.0069968000,76925527,76925527,METAL,1.92277,518,metalcoin,538233,1,0%
0.0000089000,0.0230763000,23058550,23058550,SMC,177.651,519,smartcoin,532106,1,0%
0.0000315800,0.0818366000,6045949,6045949,CRYPT,240.988,520,cryptcoin,494780,1,0%
0.0000073200,0.0189661000,24700248,24700248,KOBO,241.532,521,kobocoin,468467,1,0%
0.0000003200,0.0008294760,557631867,557631867,TROLL,196.862,522,trollcoin,462542,1,0%
0.0000170300,0.0441293000,10000000,10000000,MRT,329.379,523,miners-reward-token,441293,1,0%
0.0000070500,0.0182634000,23079737,23079737,BITS,50.9555,524,bitstar,421514,1,0%
0.0000000040,0.0000090873,44804345000,44804345000,FUNK,158.216,525,the-cypherfunks,407149,1,0%
0.0000000100,0.0000259141,15320585365,15320585365,TOKEN,32.9297,526,swaptoken,397019,1,0%
0.0000001400,0.0003540180,1092618137,1092618137,MZC,295.545,527,mazacoin,386806,1,0%
0.0000002800,0.0007325110,484356104,484356104,PIGGY,392.113,528,piggycoin,354796,1,0%
3.2363500000,8386.7000000000,42,42,42,343.668,529,42-coin,352241,1,0%
0.0040471100,10.4877000000,33512,33512,BTB,392.037,530,bitbar,351459,1,0%
0.0000056200,0.0145637000,24101381,24101381,GAIA,83.9254,531,gaia,351005,1,0%
0.0000490000,0.1269790000,2738520,2738520,MXT,29.7369,532,martexcoin,347735,1,0%
0.0000000400,0.0001036560,3352506262,3352506262,UFO,481.803,533,ufo-coin,347507,1,0%
0.0000022900,0.0059343200,60200000,55200000,HNC,130.214,534,helleniccoin,327574,0.916943522,0%
0.0000012500,0.0031975100,101487851,101487851,FC2,,535,fuelcoin,324508,1,0%
0.0000027300,0.0070745400,43588476,43588476,UTC,162.353,536,ultracoin,308368,1,0%
0.0000050000,0.0129556000,23059476,23059476,DP,183.338,537,digitalprice,298749,1,0%
0.0000017600,0.0045574300,65290635,65290635,TALK,13.6865,538,btctalkcoin,297557,1,0%
0.0000025800,0.0066858300,43696717,43696717,AMBER,59.0912,539,ambercoin,292149,1,0%
0.0000011200,0.0029023800,100000000,100000000,SHORTY,3.86495,540,shorty,290238,1,0%
0.0061322700,15.8912000000,100000,18000,RAREPEPEP,179.798,541,rare-pepe-party,286042,0.18,0%
0.0000183000,0.0515959000,205542373,5542373,AGLC,,542,agrolifecoin,285964,0.026964625,0%
0.0000057300,0.0148461000,19117129,19117129,EMD,202.676,543,emerald,283815,1,0%
0.0000036600,0.0094845500,28823850,28823850,ICN,423.448,544,icoin,273381,1,0%
0.0000411300,0.1065850000,2448402,2448402,J,1.75843,545,joincoin,260963,1,0%
0.0000000070,0.0000169506,14491014421,14491014421,LOT,226.386,546,lottocoin,245631,1,0%
0.0000079800,0.0206680000,11776673,11726673,XPY,322.452,547,paycoin2,242367,0.995754319,0%
0.0004307100,1.1161400000,210806,210806,FLY,137.667,548,flycoin,235289,1,0%
0.0000031300,0.0081111000,31417146,28317146,OHM,463.862,549,ohm-wallet,229683,0.901327765,0%
0.0000093700,0.0242906000,9586367,9436367,MNM,84.4515,550,mineum,229215,0.984352779,0%
0.0000014400,0.0037260500,59223075,59223075,PXC,226.027,551,phoenixcoin,220668,1,0%
0.0000049500,0.0128275000,17171382,17171382,XGR,196.659,552,goldreserve,220266,1,0%
0.0000002800,0.0007385320,297891209,297891209,NYAN,112.089,553,nyancoin,220002,1,0%
0.0000001500,0.0003887110,565134332,565134332,STS,10.3656,554,stress,219674,1,0%
0.0001490700,0.3863080000,552096,552096,BXT,367.99,555,bittokens,213279,1,0%
0.0000168700,0.0437234000,4698412,4698412,CCN,180.89,556,cannacoin,205431,1,0%
0.0000070300,0.0182176000,11250033,11250033,BTD,6.4158,557,bitcloud,204949,1,0%
0.0000034300,0.0088932900,23042604,23042604,CON,183.289,558,paycon,204925,1,0%
0.0000053200,0.0137796000,14701000,14701000,KIC,107.758,559,kibicoin,202574,1,0%
0.0000015600,0.0040494700,49898202,49898202,TIT,136.724,560,titcoin,202061,1,0%
0.0000027800,0.0072041100,87850683,27951433,GTC,287.253,561,global-tour-coin,201365,0.318169786,0%
0.0000001900,0.0004951200,401421401,401421401,MCRN,348.518,562,macron,198752,1,0%
0.0000257600,0.0667482000,2937390,2937390,UNIC,93.7882,563,unicoin,196065,1,0%
0.0000179600,0.0465423000,4173345,4173345,SLG,273.809,564,sterlingcoin,194237,1,0%
0.0000010000,0.0025826500,71234301,71234301,BERN,327.916,565,berncash,183973,1,0%
0.0000266500,0.0690610000,2656250,2656250,PASL,325.18,566,pascal-lite,183443,1,0%
0.0000287400,0.0744872000,2423934,2423934,SWING,214.569,567,swing,180552,1,0%
0.0000005000,0.0012957000,139140250,139140250,XCT,289.92,568,c-bit,180284,1,0%
0.0000058400,0.0151356000,11910789,11910789,BLC,137.965,569,blakecoin,180277,1,0%
0.0000005500,0.0014285900,125256945,125256945,VIDZ,219.224,570,purevidz,178941,1,0%
0.0000005000,0.0012957000,132675786,132675786,TRK,63.376,571,truckcoin,171908,1,0%
0.0000033300,0.0086308500,19791450,19791450,MAC,64.8853,572,machinecoin,170817,1,0%
0.0000063600,0.0164857000,21319485,9919485,KURT,336.651,573,kurrent,163530,0.46527789,0%
0.0000001400,0.0003655750,888000000,441349000,GOOD,204.712,574,good-karma,161346,0.49701464,0%
0.0001117200,0.2895120000,554855,554855,VLT,189.86,575,veltor,160637,1,0%
0.0000003900,0.0010106500,157385640,157385640,CAP,108.376,576,bottlecaps,159062,1,0%
0.0002048600,0.5308850000,294656,294656,DUO,95.2103,577,parallelcoin,156428,1,0%
0.0000111100,0.0287857000,5424737,5424737,KUSH,296.544,578,kushcoin,156155,1,0%
0.0000006000,0.0015490400,99976323,99976323,C2,19.6888,579,coin2-1,154867,1,0%
0.0000170500,0.0441740000,3472983,3472983,UNITS,38.253,580,gameunits,153416,1,0%
0.0000010500,0.0027236300,54032769,54032769,CHESS,383.894,581,chesscoin,147165,1,0%
0.0000006800,0.0017587400,74107896,74107896,RED,484.477,582,redcoin,130337,1,0%
0.0000099700,0.0258363000,255027857,5027857,TSTR,472.565,583,tristar-coin,129901,0.019714933,0%
0.0000004600,0.0011827200,108718227,108718227,XRA,262.928,584,ratecoin,128583,1,0%
0.0000019600,0.0050852100,210000000,24931054,ADCN,306.112,585,asiadigicoin,126780,0.118719305,0%
0.0000068200,0.0176799000,7108975,7108975,BOLI,147.382,586,bolivarcoin,125686,1,0%
0.0000011100,0.0028764600,43536800,43536800,TGC,3.63628,587,tigercoin,125232,1,0%
0.0000002800,0.0007229110,169543070,169543070,BTCR,29.2523,588,bitcurrency,122565,1,0%
0.0001443900,0.3741720000,1316179,316179,TOR,274.242,589,torcoin-tor,118305,0.240224924,0%
0.0000064700,0.0167725000,6999979,6999979,PIP,55.4753,590,pipcoin,117407,1,0%
0.0000006100,0.0015679600,73729962,73729962,CRX,216.617,591,chronos,115606,1,0%
0.0000034100,0.0088248000,13046431,13046431,UNIT,18.6537,592,universal-currency,115132,1,0%
0.0000177800,0.0460752000,2476893,2476893,CNNC,42.6016,593,cannation,114123,1,0%
0.0000041400,0.0107284000,10382981,10382981,KED,28.9274,594,darsek,111393,1,0%
0.0000002300,0.0005960240,186719428,186719428,GUN,80.3728,595,guncoin,111289,1,0%
0.0000016500,0.0042803500,25343762,25343762,ELE,390.194,596,elementrem,108480,1,0%
0.0000000300,0.0000777422,2856645470,1356645470,HMP,89.7963,597,hempcoin-hmp,105469,0.474908589,0%
0.0000033600,0.0086953700,11811175,11811175,EUC,72.6447,598,eurocoin,102703,1,0%
0.0000128200,0.0332341000,5000000,3000000,MTM,5.38392,599,mtmgaming,99702,0.6,0%
0.0000165000,0.0408916000,2429219,2429219,PHS,,600,philosopher-stones,99335,1,0%
0.0000000020,0.0000047621,20127353195,19847333237,ECA,130.103,601,electra,94515,0.986087592,0%
0.0000073500,0.0190397000,5382309,4883709,BTPL,170.143,602,bitcoin-planet,92984,0.907363178,0%
0.0000074100,0.0192023000,16030478,4830478,UNI,79.6068,603,universe,92756,0.301330877,0%
0.0000073700,0.0190987000,4845051,4845051,HAL,19.7628,604,halcyon,92534,1,0%
0.0000060000,0.0155484000,5949591,5949591,QCN,33.178,605,quazarcoin,92507,1,0%
0.0000003100,0.0008005980,393459356,115499623,RBT,116.591,606,rimbit,92469,0.293549057,0%
0.0000008800,0.0022790500,51530001,40477042,GPU,385.433,607,gpu-coin,92249,0.78550439,0%
0.0000065400,0.0169456000,5368934,5368934,IMS,321.329,608,independent-money-system,90980,1,0%
0.0000000200,0.0000434931,2077019392,2077019392,BIGUP,54.6492,609,bigup,90336,1,0%
0.0000003000,0.0007663460,117357577,117357577,YAC,,610,yacoin,89937,1,0%
0.0000038000,0.0098473500,9106714,9106714,DLC,1.61048,611,dollarcoin,89677,1,0%
0.0000000020,0.0000048136,18621516680,18621516680,PHO,72.6532,612,photon,89636,1,0%
0.0000048100,0.0124647000,7080115,7080115,STV,2.00272,613,sativacoin,88252,1,0%
0.0000017300,0.0044831300,19615019,19615019,CPN,192.188,614,compucoin,87937,1,0%
0.0000000100,0.0000254645,922340565081649,3365081649,VAL,,615,valorbit,85690,3.64842E-06,0%
0.0000003300,0.0008481740,100040708,100040708,WAY,,616,wayguide,84852,1,0%
0.0000003000,0.0007726260,104929716,104929716,ICOB,233.02,617,icobid,81071,1,0%
0.0000303600,0.0786668000,1029976,1029976,MAR,213.381,618,marijuanacoin,81025,1,0%
0.0000003800,0.0009906620,81430167,81430167,ZUR,146.656,619,zurcoin,80670,1,0%
0.0000603500,0.1563950000,501766,501766,B3,61.9998,620,b3coin,78474,1,0%
0.0000008800,0.0022804400,84181844,34181844,PUTIC,95.8821,621,putin-classic,77950,0.406047698,0%
0.0000245900,0.0637240000,1220161,1220161,GP,86.7104,622,goldpieces,77754,1,0%
0.0000229000,0.0593336000,1305362,1305362,ARCO,106.378,623,aquariuscoin,77452,1,0%
0.0000069900,0.0181139000,4195132,4195132,CACH,4.79382,624,cachecoin,75990,1,0%
0.0000189300,0.0490553000,1538251,1538251,BIP,307.438,625,bipcoin,75459,1,0%
0.0000006900,0.0017880700,10041876242,41876242,GRT,400.96,626,grantcoin,74878,0.004170161,1%
0.0000042700,0.0117533000,6365285,6365285,CYP,,627,cypher,74813,1,0%
0.0000013700,0.0035407000,21020383,21020383,EVIL,25.3855,628,evil-coin,74427,1,0%
0.0000000100,0.0000259141,2866607586,2866607586,SPEX,1.03656,629,sproutsextreme,74286,1,0%
0.0000114800,0.0297515000,2469220,2469220,EVO,350.607,630,evotion,73463,1,0%
0.0000012800,0.0033158000,22101328,22101328,BUMBA,154.854,631,bumbacoin,73284,1,0%
0.0000022100,0.0057228400,12384976,12384976,XCO,179.233,632,x-coin,70877,1,0%
0.0000003600,0.0009329060,75614500,75614500,ZNY,108.515,633,bitzeny,70541,1,0%
0.0000012000,0.0031130900,22406021,22406021,SPT,22.9767,634,spots,69752,1,0%
0.0000014100,0.0036524500,18625096,18625096,SPACE,397.717,635,spacecoin,68027,1,1%
0.0000004100,0.0010624800,63993275,63993275,XPD,38.5317,636,petrodollar,67992,1,0%
0.0000000080,0.0000201046,3359769525,3359769525,POP,238.422,637,popularcoin,67547,1,0%
0.0000126100,0.0326857000,2029125,2029125,NEVA,352.874,638,nevacoin,66323,1,1%
0.0000179900,0.0466240000,1409516,1409516,HXX,46.3181,639,hexx,65717,1,0%
0.0000013000,0.0033688300,268761585,18761585,ATX,29.3942,640,artex-coin,63205,0.06980754,0%
0.0000021700,0.0056233500,11229271,11229271,GAP,87.1417,641,gapcoin,63146,1,0%
0.0000011100,0.0028764600,21950228,21950228,XRE,188.616,642,revolvercoin,63139,1,0%
0.0000011900,0.0030837700,23775537,20285537,GCC,277.877,643,guccionecoin,62556,0.853210466,0%
0.0000038500,0.0099769200,7323359,6199359,ALL,90.5767,644,allion,61851,0.846518517,0%
0.0000019700,0.0052613000,911527489,11527489,WMC,,645,wmcoin,60650,0.012646343,0%
0.0000034600,0.0089776200,6566701,6566701,TAJ,458.39,646,tajcoin,58953,1,1%
0.0000014000,0.0036279700,16066730,16066730,VEC2,0.302935,647,vector,58290,1,0%
0.0000353700,0.0916667000,629614,629614,MST,310.397,648,mustangcoin,57715,1,1%
0.0000180100,0.0466798000,1220085,1220085,ACOIN,28.4595,649,acoin,56953,1,0%
0.0000042700,0.0110752000,5060382,5060382,BOB,1.61057,650,dobbscoin,56045,1,0%
0.0000002000,0.0005182810,106863545,106863545,WORM,160.877,651,healthywormcoin,55385,1,0%
0.0000068100,0.0176475000,3115258,3115258,BVC,22.7184,652,beavercoin,54977,1,0%
0.0000150000,0.0388711000,1385904,1385904,WYV,52.1452,653,wyvern,53872,1,0%
0.0000011500,0.0029924400,25997529,17997529,DBTC,39.5943,654,debitcoin,53857,0.692278447,0%
0.0000322000,0.0834433000,636950,636950,FRK,0.326258,655,franko,53149,1,0%
0.0000000400,0.0001036560,510802961,510802961,DRS,3.86208,656,digital-rupees,52948,1,0%
0.0000007200,0.0018693000,28279074,28279074,MARS,126.422,657,marscoin,52862,1,0%
0.0000203600,0.0527525000,1000000,999999,UNIBURST,50.6424,658,uniburst,52752,0.999999,0%
0.0000023300,0.0057978600,8983158,8983158,BLRY,,659,billarycoin,52083,1,0%
0.0000016100,0.0041703800,12462620,12462620,SOON,7.07646,660,sooncoin,51974,1,0%
0.0000000100,0.0000259141,2000683485,2000683485,MAD,16.0667,661,satoshimadness,51846,1,0%
0.0002010500,0.5210020000,98412,98412,FIRE,1.12239,662,firecoin,51273,1,0%
0.0000010000,0.0025972800,19671715,19671715,BENJI,369.394,663,benjirolls,51093,1,1%
0.0000237900,0.0616496000,7093108,793108,XBTC21,59.5244,664,bitcoin-21,48895,0.11181389,0%
0.0000002200,0.0005812240,83053663,83053663,PX,1.14291,665,px,48273,1,0%
0.0000040000,0.0103656000,2000000000,4650380,MNC,287.646,666,mantracoin,48204,0.00232519,1%
0.0000122000,0.0316211000,1513704,1513704,ISL,21.0927,667,islacoin,47865,1,0%
0.0000042800,0.0110912000,4228672,4228672,SCRT,2.49965,668,secretcoin,46901,1,0%
0.0000005900,0.0015289300,529895220,29895220,VLTC,32.8001,669,vault-coin,45708,0.056417229,0%
0.0000015400,0.0040009400,11361817,11361817,GBC,84.9997,670,gbcgoldcoin,45458,1,0%
0.0000008700,0.0021634500,20898106,20898106,FLVR,,671,flavorcoin,45212,1,0%
0.0000070200,0.0181917000,2445978,2445978,DRM,51.6009,672,dreamcoin,44497,1,0%
0.0000024400,0.0063230300,7024402,7024402,URC,8.79788,673,unrealcoin,44416,1,0%
0.0000021500,0.0055715200,7818691,7818691,ARG,37.9462,674,argentum,43562,1,0%
0.0000016100,0.0041721600,10064287,10064287,VC,1.45772,675,virtualcoin,41990,1,0%
0.0000035700,0.0092516700,4500000,4500000,COAL,327.097,676,bitcoal,41633,1,1%
0.0000001400,0.0003750600,109430535,109430535,IMX,476.3,677,impact,41043,1,1%
0.0000007700,0.0019894000,20520514,20520514,XCRE,34.0883,678,creatio,40824,1,0%
0.0000016000,0.0040307000,9848485,9848485,JIN,,679,jin-coin,39696,1,0%
0.0000014200,0.0036727600,10789954,10789954,MILO,264.384,680,milocoin,39629,1,1%
0.0000004100,0.0010670000,6240390800,36390750,CREVA,487.502,681,crevacoin,38829,0.005831486,1%
0.0000000200,0.0000625167,608557394,608557394,BLZ,28.6861,682,blazecoin,38045,1,0%
0.0000038500,0.0099769200,6682173,3748839,BCF,16.5761,683,bitcoinfast,37402,0.561020943,0%
0.0000173300,0.0449084000,827796,827796,RPC,42.1889,684,ronpaulcoin,37175,1,0%
0.0000007100,0.0018399000,20181636,20181636,JWL,57.8966,685,jewels,37132,1,0%
0.0000132000,0.0342066000,1074095,1074095,SLING,0.137163,686,sling,36741,1,0%
0.0000000030,0.0000068928,12662660134,5197053564,VTA,229.045,687,virtacoin,35822,0.410423522,1%
0.0000009600,0.0024748800,14083450,14083450,SFC,36.1108,688,solarflarecoin,34855,1,0%
0.0000156000,0.0404259000,861099,861099,PONZI,3.70838,689,ponzicoin,34811,1,0%
0.0000119500,0.0309673000,1095224,1095224,WARP,128.54,690,warp,33916,1,0%
0.0000009100,0.0023669400,14298972,14298972,PULSE,59.6083,691,pulse,33845,1,0%
0.0000094800,0.0245633000,1376130,1376130,LUNA,34.0382,692,luna-coin,33802,1,0%
0.0000006300,0.0016226100,20297336,20297336,AUM,,693,alexium,32935,1,0%
0.0000000200,0.0000518281,630795971,630795971,BSTAR,81.2211,694,blackstar,32693,1,0%
0.0000010000,0.0025914100,12546625,12546625,MND,7.18968,695,mindcoin,32513,1,0%
0.0000001500,0.0003887110,83450403,83450403,VIP,27.1289,696,vip-tokens,32438,1,0%
0.0000008200,0.0021249500,17198133,15198133,NRO,379.577,697,neuro,32295,0.883708307,1%
0.0000000200,0.0000518281,600344291,600344291,ZMC,161.535,698,zetamicron,31115,1,1%
0.0000001500,0.0003887110,79719140,79719140,MTLMC3,39.4132,699,metal-music-coin,30988,1,0%
0.0000019000,0.0049236700,6243840,6243840,ZYD,13.0399,700,zayedcoin,30743,1,0%
0.0000005600,0.0014617600,20524001,20524001,BNX,386.504,701,bnrtxcoin,30001,1,1%
0.0057201600,14.8233000000,2504,2004,KNC,401.378,702,kingn-coin,29713,0.800319489,1%
0.0000017000,0.0042042100,6869155,6869155,ARB,,703,arbit,28879,1,0%
0.0000000400,0.0000976419,285630489,285630489,LEA,17.7294,704,leacoin,27890,1,0%
0.0000090600,0.0226893000,1207310,1207310,URO,,705,uro,27393,1,0%
0.0000138500,0.0358910000,9577176,741596,DOLLAR,73.3214,706,dollar-online,26617,0.077433682,0%
0.0000063800,0.0165332000,1600000,1600000,DES,4.07447,707,destiny,26453,1,0%
0.0000000700,0.0001813980,594105100,144105100,CESC,68.9612,708,cryptoescudo,26140,0.242558261,0%
0.0000064900,0.0168297000,2524686,1524686,XBTS,23.9605,709,beatcoin,25660,0.60391114,0%
0.0000001700,0.0004406270,56735580,56735580,CWXT,48.6455,710,cryptoworldx-token,24999,1,0%
0.0000110200,0.0285446000,872830,872830,CMT,34.1242,711,comet,24915,1,0%
0.0000001200,0.0003109690,77777777,77777777,AMMO,8.33378,712,ammo-rewards,24186,1,0%
0.0000002900,0.0007420660,32565300,32565300,SONG,147.638,713,songcoin,24166,1,1%
0.0000007300,0.0018962400,11821728,11821728,PRX,72.4095,714,printerium,22417,1,0%
0.0000001200,0.0003109690,70000000,70000000,SLEVIN,77.7423,715,slevin,21768,1,0%
0.0000002800,0.0007152460,30227750,30227750,LTCR,62.6004,716,litecred,21620,1,0%
0.0000004800,0.0012438800,16964200,16964200,MAY,38.6334,717,theresa-may-coin,21101,1,0%
0.0000002200,0.0005701100,36646779,36646779,ORLY,8.01082,718,orlycoin,20893,1,0%
0.0000004600,0.0011920500,17465159,17465159,ANTI,7.24959,719,antibitcoin,20819,1,0%
0.0000007600,0.0019694700,10499996,10499996,CAB,2.59138,720,cabbage,20679,1,0%
0.0000000100,0.0000258839,1635124964,780124964,VPRC,28.8227,721,vaperscoin,20193,0.477104185,0%
0.0000051900,0.0134494000,1694171,1494171,HVCO,81.0809,722,high-voltage,20096,0.881948162,0%
0.0000004400,0.0011402200,19089600,17089600,PLNC,22.9032,723,plncoin,19486,0.895230911,0%
0.0000100000,0.0259141000,1595266,744266,CONX,194.014,724,concoin,19287,0.466546645,1%
0.0000003500,0.0009069920,22262780,21262780,GBT,1.81398,725,gamebet-coin,19285,0.95508198,0%
0.0000010000,0.0025301800,7561891,7561891,G3N,,726,genstake,19133,1,0%
0.0000010200,0.0026432400,7155671,7155671,BTQ,356.911,727,bitquark,18914,1,2%
0.0000003500,0.0009046120,20821709,20821709,BIOS,4.4679,728,bios-crypto,18836,1,0%
0.0000014800,0.0038352800,4792225,4792225,TRADE2,33.6883,729,tradecoin-v2,18380,1,0%
27.0702000000,70150.0000000000,0,0,CHAO,130.414,730,23-skidoo,17718,0,1%
0.0000001100,0.0002850550,60000001,60000001,EGO,292.117,731,ego,17103,1,2%
0.0000003500,0.0009083980,18547845,18547845,BOAT,183.759,732,doubloon,16849,1,1%
0.0000017100,0.0044198800,3805250,3805250,SH,149.661,733,shilling,16819,1,1%
0.0000000200,0.0000518281,318229122,318229122,HIRO,12.957,734,hirocoin,16493,1,0%
0.0000003400,0.0008810780,18625017,18625017,STEPS,1.52131,735,steps,16410,1,0%
0.0000200000,0.0518281000,2501512,308179,IMPCH,458.285,736,impeachcoin,15972,0.12319709,3%
0.0000049700,0.0128855000,5194373,1148324,ARGUS,360.601,737,argus,14797,0.221070763,2%
0.0000021400,0.0054569100,2581970,2581970,ZNE,,738,zonecoin,14090,1,0%
0.0000000500,0.0001295700,200019300,106019270,JOBS,25.914,739,jobscoin,13737,0.530045201,0%
0.0000124300,0.0322112000,420000,420000,XOC,2.67304,740,xonecoin,13529,1,0%
0.0000600000,0.1530670000,88213,88213,1CR,,741,1credit,13502,1,0%
0.0000086200,0.0223379000,592894,592894,ICON,322.305,742,iconic,13244,1,2%
0.0000010000,0.0025902700,5091200,5091200,GEERT,132.973,743,geertcoin,13188,1,1%
0.0000057700,0.0145980000,894026,894026,OS76,,744,osmiumcoin,13051,1,0%
0.0000001300,0.0003368830,38669634,38669634,TAGR,34.1109,745,tagrcoin,13027,1,0%
0.0000009200,0.0023432500,5550102,5550102,BSC,,746,bowscoin,13005,1,0%
0.0000069400,0.0179738000,1787273,719132,420G,419.005,747,ganjacoin,12926,0.402362706,3%
0.0000033600,0.0087041600,2000000,1474448,QBK,41.5363,748,qibuck-asset,12834,0.737224,0%
0.0000183300,0.0475005000,476918,261831,SCS,5.943,749,speedcash,12437,0.549006328,0%
0.0000010200,0.0026432400,4526324,4526324,IBANK,24.1728,750,ibank,11964,1,0%
0.0000064100,0.0165999000,704882,704882,XRC,310.573,751,rawcoin2,11701,1,3%
0.0000001200,0.0003109690,35591819,35591819,LIR,4.53468,752,letitride,11068,1,0%
0.0000000800,0.0002122140,50765854,50765854,BQC,19.647,753,bbqcoin,10773,1,0%
0.0000000500,0.0001295700,79541001,79541001,DPAY,106.039,754,dpay,10306,1,1%
0.0000000400,0.0001024570,100000000,100000000,DLISK,,755,dappster,10246,1,0%
0.0000480000,0.1243880000,10079270,79270,CRT,1.33364,756,crtcoin,9860,0.007864657,0%
0.0000001200,0.0003109690,31512613,31512613,ALTC,29.1829,757,antilitecoin,9799,1,0%
0.0000176400,0.0457188000,1000000,211827,OCEAN,0.0914377,758,burstocean,9684,0.211827,0%
0.0000010000,0.0025345100,253737715,3737715,MGM,,759,magnum,9473,0.014730624,0%
0.0000013900,0.0036047500,6000000,2475732,CCM100,1.24725,760,ccminer,8924,0.412622,0%
0.0000002100,0.0005441950,60132654,15112554,VOLT,56.1308,761,bitvolt,8224,0.251320256,1%
0.0000199600,0.0517245000,158886,158886,SDP,9.22769,762,sydpak,8218,1,0%
0.0000012100,0.0031356000,2453240,2453240,PEX,5.04132,763,posex,7692,1,0%
0.0000031000,0.0080333600,985756,885756,BIOB,84.151,764,biobar,7116,0.898555018,1%
0.0000001300,0.0003368830,20245510,20245510,IMPS,419.077,765,impulsecoin,6820,1,6%
0.0000013500,0.0034984000,8888888,1908128,JIO,16.2981,766,jio-token,6675,0.214664421,0%
0.0000000700,0.0001813980,35220238,35220238,P7C,50.0538,767,p7coin,6389,1,1%
0.0000012500,0.0032392600,5878439,1678439,NODC,24.8809,768,nodecoin,5437,0.28552461,0%
0.0000289300,0.0749734000,4734367,67700,ABN,22.238,769,abncoin,5076,0.014299694,0%
0.0000006100,0.0015807600,3064800,3064800,SANDG,7.07623,770,save-and-gain,4845,1,0%
0.0001112000,0.2881640000,66627,16627,XNG,311.628,771,enigma,4791,0.249553484,7%
0.0000164000,0.0424991000,111110,111110,CF,89.2184,772,californium,4722,1,2%
0.0000040200,0.0108352000,1000000,403189,DRAGON,,773,btcdragon,4369,0.403189,0%
0.0000012600,0.0032651700,1195525,1195525,REV,57.7212,774,revenu,3904,1,1%
0.0000009900,0.0025758600,10127917,1377917,PIZZA,75.5835,775,pizzacoin,3549,0.136051372,2%
0.0000000100,0.0000260360,932613785,132613785,ENV,70.7537,776,environ,3453,0.142195823,2%
0.0000004800,0.0012243600,1002753201,2753201,FDC,,777,future-digital-currency,3371,0.002745642,0%
0.0000000100,0.0000259141,107829281,107829281,SLFI,26.1732,778,selfiecoin,2794,1,1%
0.0000000100,0.0000259141,49983870,49983870,PWR,67.1022,779,powercoin,1295,1,5%
0.0000000800,0.0002073130,201284316,5826388,DGCS,29.5732,780,digital-credits,1208,0.028946061,2%
0.0000003100,0.0007912880,5000000,1000043,LEX,0.0276951,781,lex4all,791,0.2000086,0%
0.0000000900,0.0002474490,2826000,2826000,ZHS,,782,zcashshare,699,1,0%
0.0000001700,0.0004396040,1000000,999279,MUG,4.3279,783,mikethemug,439,0.999279,1%
0.0000002600,0.0006738510,10421300,421300,DMB,174.195,784,digital-money-bits,284,0.040426818,61%
0.0000105500,0.0273393000,10010100,10100,XEN,116.613,785,xenixcoin,276,0.001008981,42%
0.0000011700,0.0030278300,148587140,87140,CALC,287.257,786,caliphcoin,264,0.000586457,109%
0.0009056100,2.3468100000,100000000,,GXS,9285280,787,gxshares,,0,#DIV/0!
0.0000000090,0.0000237877,499001627071,,FEDS,3227570,788,fedorashare,,0,#DIV/0!
0.1712000000,443.6490000000,,,BCC,1926470,789,bitcoin-cash,,0,#DIV/0!
0.0000092500,0.0239645000,934947383,,HLB,1358050,790,lepaoquan,,0,#DIV/0!
0.0001504500,0.3898890000,200000000,,ICO,1322250,791,ico,,0,#DIV/0!
0.0028938700,7.4991900000,452370050,,FRGC,1118100,792,fargocoin,,0,#DIV/0!
0.0000909800,0.2357560000,9035462,,ZBC,787961,793,zilbercoin,,0,#DIV/0!
0.0003856900,0.9994820000,10541442931,,DMC,746106,794,dynamiccoin,,0,#DIV/0!
0.0000490000,0.1269790000,205420960,,ATCC,261828,795,atc-coin,,0,#DIV/0!
0.0009132900,2.3667100000,,,ETP,230993,796,metaverse,,0,#DIV/0!
0.0000000600,0.0001684050,5363850941,,LINDA,176175,797,linda,,0,#DIV/0!
0.0000018900,0.0049011400,497214120,,BGC,163018,798,bagcoin,,0,#DIV/0!
0.0000057700,0.0149485000,22213403,,GYC,137636,799,gycoin,,0,#DIV/0!
0.7181710000,1861.0700000000,888652,,TER,119623,800,terranova,,0,#DIV/0!
0.0001622900,0.4205590000,500000000,,SJCX,117621,801,storjcoin-x,,0,#DIV/0!
0.0000615200,0.1594210000,28634286,,XID,88183,802,sphre-air,,0,#DIV/0!
0.0001373900,0.3560380000,90899180,,CLUB,71030.1,803,clubcoin,,0,#DIV/0!
0.0008375900,2.1705400000,,,VOYA,57221,804,voyacoin,,0,#DIV/0!
0.0003197900,0.8287060000,,,IVZ,57011.7,805,invisiblecoin,,0,#DIV/0!
0.0009178300,2.3784700000,,,ANC,55360,806,antcoin,,0,#DIV/0!
0.0000402900,0.1044080000,,,GBG,54280.2,807,golos-gold,,0,#DIV/0!
0.0000019200,0.0049725300,8821679415,,TOA,52648.5,808,toacoin,,0,#DIV/0!
0.0000451500,0.1170020000,,,EBST,50143.2,809,eboostcoin,,0,#DIV/0!
0.0130339000,33.7760000000,1000000000,,MALC,38737.7,810,malcoin,,0,#DIV/0!
0.0000803700,0.2082660000,,,BET,38428,811,dao-casino,,0,#DIV/0!
0.0000295500,0.0765868000,,,AXF,32538.6,812,axfunds,,0,#DIV/0!
0.0000028700,0.0074327200,,,GP,29741.7,813,goldpay-coin,,0,#DIV/0!
0.0000044700,0.0115950000,54000056,,DTF,28493.6,814,digitalfund,,0,#DIV/0!
0.0003010000,0.7800130000,1250000001,,OCN,28458.8,815,operacoin,,0,#DIV/0!
0.0000373200,0.0967113000,30993751760,,PCS,28016.4,816,pabyosi-coin-special,,0,#DIV/0!
0.0010010000,2.5940000000,170090152,,FAL,27015.4,817,falcoin,,0,#DIV/0!
0.0000522000,0.1352760000,,,DHG,24027.7,818,dhg,,0,#DIV/0!
0.0000100000,0.0259251000,33565131905,,HMC,19979.1,819,harmonycoin-hmc,,0,#DIV/0!
0.0000300000,0.0777422000,100000000,,YOG,19698.2,820,yogold,,0,#DIV/0!
0.0000719900,0.1865550000,50233677,,TYC,17976.6,821,tyrocoin,,0,#DIV/0!
0.0003900000,1.0106500000,84000000,,FXE,16936.7,822,futurexe,,0,#DIV/0!
0.0000580000,0.1503020000,,,TYCHO,14118,823,tychocoin,,0,#DIV/0!
0.0000019600,0.0050871800,250000000,,MGC,12639.6,824,gulfcoin,,0,#DIV/0!
0.0000051100,0.0132421000,,,BRAIN,12009.5,825,braincoin,,0,#DIV/0!
0.0000058000,0.0150291000,,,SKULL,11848.7,826,pirate-blocks,,0,#DIV/0!
0.0000086600,0.0224468000,,,SHELL,10605.7,827,shellpay,,0,#DIV/0!
0.0951607000,246.6000000000,,,BTU,9850.68,828,bitcoin-unlimited,,0,#DIV/0!
0.0000003500,0.0008992560,,,ADT,9631.55,829,the-aladin,,0,#DIV/0!
0.0000000003,0.0000007580,9232614199,,SHND,9112.48,830,stronghands,,0,#DIV/0!
0.0000153200,0.0397004000,2000000000,,BITOK,7649.2,831,bitok,,0,#DIV/0!
0.0000002100,0.0005417930,,,TELL,7639.29,832,tellurion,,0,#DIV/0!
0.0001010500,0.2618620000,,,APC,7475.79,833,alpacoin,,0,#DIV/0!
0.0002480300,0.6427420000,2168539,,IOP,6984.04,834,internet-of-people,,0,#DIV/0!
0.0001560000,0.4042590000,,,AE,6616.08,835,aeternity,,0,#DIV/0!
0.0000126900,0.0328850000,,,WA,5257.58,836,wa-space,,0,#DIV/0!
0.0000071400,0.0185143000,,,SOIL,4187.92,837,soilcoin,,0,#DIV/0!
0.0002350100,0.6090140000,646359158,,THS,4143.56,838,techshares,,0,#DIV/0!
0.0000000300,0.0000773512,,,LEPEN,3905.46,839,lepen,,0,#DIV/0!
0.0000000600,0.0001554840,,,TCOIN,3826.83,840,t-coin,,0,#DIV/0!
0.0001610500,0.4173390000,15000000,,CVCOIN,3076.98,841,cvcoin,,0,#DIV/0!
0.0000660100,0.1710590000,,,DEUS,3044.29,842,deuscoin,,0,#DIV/0!
0.0000278400,0.0721340000,2400000000,,EMP,3023.41,843,emoneypower,,0,#DIV/0!
0.0000000001,0.0000001386,,,PAC,2781.89,844,paccoin,,0,#DIV/0!
0.0000477400,0.1237110000,5614063735,,GAY,2730.24,845,gaycoin,,0,#DIV/0!
0.0000030000,0.0077784400,,,RUBIT,2227.43,846,rublebit,,0,#DIV/0!
0.0000001400,0.0003618470,,,PRIMU,2119.39,847,primulon,,0,#DIV/0!
0.0000011100,0.0028764600,,,FLASH,2066.32,848,flash,,0,#DIV/0!
0.0000048000,0.0124388000,,,MG,2042.81,849,mind-gene,,0,#DIV/0!
0.0000009100,0.0023581800,36164050,,IRL,1856.35,850,irishcoin,,0,#DIV/0!
0.0000180400,0.0467495000,,,BUK,1763.91,851,cryptobuck,,0,#DIV/0!
0.0000196200,0.0508524000,19003881978,,LDCN,1735.35,852,landcoin,,0,#DIV/0!
0.0000001000,0.0002591410,,,KASHH,1586.44,853,kashhcoin,,0,#DIV/0!
0.0000370000,0.0958821000,,,AV,1242.94,854,avatarcoin,,0,#DIV/0!
0.0000056600,0.0146767000,,,OPAL,1085.66,855,opal,,0,#DIV/0!
0.0000000100,0.0000271972,7621077090,,IFLT,992.802,856,inflationcoin,,0,#DIV/0!
0.0039996100,10.3646000000,210000000,,ABC,787.709,857,alphabitcoinfund,,0,#DIV/0!
0.3000000000,777.4220000000,21000000,,XOT,785.919,858,internet-of-things,,0,#DIV/0!
0.0000008100,0.0020990400,350051450,,9COIN,768.776,859,9coin,,0,#DIV/0!
0.0000003600,0.0009236120,2500124,,ROYAL,727.751,860,royalcoin,,0,#DIV/0!
0.0000632900,0.1640100000,30000000,,OCT,701.308,861,oraclechain,,0,#DIV/0!
0.0000121800,0.0315639000,3407292,,EDRC,617.95,862,edrcoin,,0,#DIV/0!
0.0000004500,0.0011661300,23288760,,HNC,562.542,863,huncoin,,0,#DIV/0!
0.0000113000,0.0292829000,107993291,,SMART,540.767,864,smartcash,,0,#DIV/0!
0.0000006500,0.0016844200,,,UR,533.395,865,ur,,0,#DIV/0!
0.0000533500,0.1382430000,57968072167,,GARY,524.571,866,president-johnson,,0,#DIV/0!
0.0000055000,0.0142527000,13925626,,SLM,505.324,867,slimcoin,,0,#DIV/0!
0.0000026100,0.0067635700,,,TRICK,497.861,868,trickycoin,,0,#DIV/0!
0.0000077600,0.0201084000,,,SNC,497.751,869,suncontract,,0,#DIV/0!
0.0000030000,0.0077648400,4527901,,WOMEN,491.621,870,women,,0,#DIV/0!
0.0000000100,0.0000259141,57968072167,,BURN,484.316,871,president-sanders,,0,#DIV/0!
0.0000841600,0.2181000000,100000000,,STEX,467.466,872,stex,,0,#DIV/0!
0.0001986900,0.5148870000,100000000,,TESLA,457.577,873,teslacoilcoin,,0,#DIV/0!
0.0000018300,0.0047328900,57968072167,,PRES,436.372,874,president-trump,,0,#DIV/0!
0.0000460100,0.1192310000,10494156,,BRO,410.728,875,bitradio,,0,#DIV/0!
0.0000004500,0.0011611900,190008300,,RHFC,407.85,876,rhfcoin,,0,#DIV/0!
99.9956000000,259129.0000000000,1,,NANOX,386.506,877,project-x,,0,#DIV/0!
0.0059998900,15.5482000000,210000000,,GUC,366.465,878,goldunioncoin,,0,#DIV/0!
0.0000004200,0.0010841500,35026200,,MARX,340.886,879,marxcoin,,0,#DIV/0!
0.0000004800,0.0012438800,,,TERA,323.349,880,teracoin,,0,#DIV/0!
0.0000000020,0.0000053980,,,RBBT,311.162,881,rabbitcoin,,0,#DIV/0!
0.0000000010,0.0000031685,8001599000,,COUPE,310.263,882,coupecoin,,0,#DIV/0!
0.0000020800,0.0053873500,31411973669,,AIB,310.091,883,advanced-internet-blocks,,0,#DIV/0!
0.0000016300,0.0042239900,,,UNRC,299.201,884,universalroyalcoin,,0,#DIV/0!
0.0003069100,0.7953290000,18446744880,,XRY,285.398,885,royalties,,0,#DIV/0!
0.0000002200,0.0005698220,,,GAIN,273.278,886,ugain,,0,#DIV/0!
0.0000007700,0.0019862500,20115458,,BEST,264.911,887,bestchain,,0,#DIV/0!
0.0001155200,0.2993590000,80000000,,JET,263.505,888,jetcoin,,0,#DIV/0!
0.0000070600,0.0182946000,,,SAK,249.525,889,sharkcoin,,0,#DIV/0!
0.0000000200,0.0000518281,,,ACES,223.315,890,aces,,0,#DIV/0!
0.0000000500,0.0001336040,,,HCC,213.423,891,happy-creator-coin,,0,#DIV/0!
0.0003055800,0.7918900000,84000000,,RMC,207.488,892,remicoin,,0,#DIV/0!
0.0000000100,0.0000259141,,,UNC,184.572,893,uncoin,,0,#DIV/0!
0.0000000800,0.0002073130,,,VGC,181.398,894,vegascoin,,0,#DIV/0!
0.0000000100,0.0000259141,1352120000,,GOLF,175.023,895,golfcoin,,0,#DIV/0!
0.0000006300,0.0016332700,,,SKR,165.954,896,sakuracoin,,0,#DIV/0!
0.0000000400,0.0001036560,,,FFC,161.951,897,fireflycoin,,0,#DIV/0!
0.0000000500,0.0001300060,264620161,,HALLO,153.706,898,halloween-coin,,0,#DIV/0!
0.0000050700,0.0131384000,,,NBIT,153.518,899,netbit,,0,#DIV/0!
0.0000002900,0.0007485430,,,NTCC,135.879,900,neptune-classic,,0,#DIV/0!
0.0000028700,0.0074373400,6586731,,ZSE,134.699,901,zsecoin,,0,#DIV/0!
0.0000009400,0.0024359200,24523275,,DBG,118.557,902,digital-bullion-gold,,0,#DIV/0!
0.0000000100,0.0000259141,,,ANTX,115.452,903,antimatter,,0,#DIV/0!
0.0000000400,0.0001036560,604880000,,XSTC,96.2255,904,safe-trade-coin,,0,#DIV/0!
0.0000026200,0.0067838800,1038207314,,FAZZ,89.2443,905,fazzcoin,,0,#DIV/0!
0.0000001000,0.0002591410,1068669648,,MBL,85.7976,906,mobilecash,,0,#DIV/0!
0.0000000200,0.0000595242,,,WOW,82.6938,907,wowcoin,,0,#DIV/0!
0.0000003500,0.0009069920,,,ACN,79.8336,908,avoncoin,,0,#DIV/0!
0.0000001800,0.0004664530,,,PRM,74.6325,909,prismchain,,0,#DIV/0!
0.0000001300,0.0003368830,,,FUTC,72.6792,910,futcoin,,0,#DIV/0!
0.0000009300,0.0024100100,,,TIC,70.7268,911,true-investment-coin,,0,#DIV/0!
0.0000007700,0.0019953800,,,WSX,66.1071,912,wearesatoshi,,0,#DIV/0!
0.0000000003,0.0000008916,,,PCN,64.433,913,peepcoin,,0,#DIV/0!
0.0000001200,0.0003109690,,,FONZ,63.8591,914,fonziecoin,,0,#DIV/0!
0.0000000200,0.0000518281,,,MONEY,59.8863,915,moneycoin,,0,#DIV/0!
0.0000007400,0.0019176400,2500124,,RYCN,59.3943,916,royalcoin-2,,0,#DIV/0!
0.0000007700,0.0019953800,,,COXST,55.9096,917,coexistcoin,,0,#DIV/0!
0.0000000200,0.0000518281,549267534,,CC,52.0038,918,cybercoin,,0,#DIV/0!
0.0015000000,3.8871100000,,,EFYT,51.9527,919,ergo,,0,#DIV/0!
0.0000000100,0.0000259141,,,SFE,51.8281,920,safecoin,,0,#DIV/0!
0.0000002300,0.0005960240,,,CYC,51.3284,921,cycling-coin,,0,#DIV/0!
0.0000004200,0.0010883900,,,FRWC,47.6985,922,frankywillcoin,,0,#DIV/0!
0.0000009000,0.0023322700,,,MOTO,45.5106,923,motocoin,,0,#DIV/0!
0.0000001300,0.0003368830,,,DON,42.8237,924,donationcoin,,0,#DIV/0!
0.0000000200,0.0000518281,,,SOUL,40.4446,925,soulcoin,,0,#DIV/0!
0.0000000007,0.0000017384,,,BAT,40.0949,926,batcoin,,0,#DIV/0!
0.0000169600,0.0439604000,10000000,,SNAKE,39.9161,927,snakeeyes,,0,#DIV/0!
0.0000000200,0.0000518281,,,TURBO,38.5009,928,turbocoin,,0,#DIV/0!
0.0000002700,0.0006996800,,,QBC,37.6212,929,quebecoin,,0,#DIV/0!
0.0000340000,0.0881078000,,,XLC,35.4987,930,leviarcoin,,0,#DIV/0!
0.0000024600,0.0063745700,,,BXC,33.3003,931,bitcedi,,0,#DIV/0!
0.0005416900,1.4037400000,42249,,XDE2,33.2125,932,xde-ii,,0,#DIV/0!
0.0000000700,0.0001813980,,,TCR,31.3468,933,thecreed,,0,#DIV/0!
0.0000031000,0.0080333600,20707629255,,BIT,28.6328,934,first-bitcoin,,0,#DIV/0!
0.0000703900,0.1824190000,10000000000,,QORA,28.4304,935,qora,,0,#DIV/0!
0.0000000400,0.0001036560,301004896,,TEAM,25.9141,936,teamup,,0,#DIV/0!
0.0000012300,0.0031874300,19800001,,SPORT,25.821,937,sportscoin,,0,#DIV/0!
0.0000087000,0.0225452000,,,DASHS,25.3789,938,dashs,,0,#DIV/0!
38.1750000000,98926.9000000000,,,BTWTY,24.7317,939,bit20,,0,#DIV/0!
0.0000000700,0.0001813980,,,LKC,22.8516,940,linkedcoin,,0,#DIV/0!
0.0000000200,0.0000518281,,,PDG,22.8291,941,pinkdog,,0,#DIV/0!
0.0000004200,0.0010883900,,,LAZ,21.9305,942,lazaruscoin,,0,#DIV/0!
0.0000016000,0.0041462500,5925522,,RICHX,21.6294,943,richcoin,,0,#DIV/0!
0.0000000300,0.0000832747,,,BGR,18.2001,944,bongger,,0,#DIV/0!
0.0000000030,0.0000071310,,,YES,17.3633,945,yescoin,,0,#DIV/0!
0.0000200000,0.0518281000,975608,,TLE,16.7339,946,tattoocoin-limited,,0,#DIV/0!
0.0000005700,0.0014765100,,,QBT,16.3569,947,cubits,,0,#DIV/0!
0.0000000100,0.0000259141,,,RCN,16.0588,948,rcoin,,0,#DIV/0!
0.0000000090,0.0000245845,10263290326,,VTY,15.1536,949,victoriouscoin,,0,#DIV/0!
0.0000798500,0.2069240000,,,DFT,13.5336,950,draftcoin,,0,#DIV/0!
0.0000000100,0.0000259141,,,STRB,13.4982,951,superturbostake,,0,#DIV/0!
0.0000018000,0.0046645300,,,XQN,12.0164,952,quotient,,0,#DIV/0!
0.0000349900,0.0906733000,,,ELC,11.8324,953,elacoin,,0,#DIV/0!
0.4887510000,1266.5500000000,20000000,,AMIS,11.6957,954,amis,,0,#DIV/0!
0.0000000100,0.0000259141,22506879984,,MIU,10.7774,955,miyucoin,,0,#DIV/0!
0.0000170400,0.0441576000,57521,,TOPAZ,10.3656,956,topaz,,0,#DIV/0!
0.0000002300,0.0005960240,,,BLAZR,9.98873,957,blazercoin,,0,#DIV/0!
0.0000000300,0.0000777422,900096049,,GBRC,9.46133,958,global-business-revolution,,0,#DIV/0!
0.0000000100,0.0000259141,76640174065,,KARMA,8.03336,959,karmacoin,,0,#DIV/0!
0.0000037500,0.0097177800,,,EGG,7.77422,960,eggcoin,,0,#DIV/0!
0.0000144200,0.0373681000,99000001,,XBG,7.172,961,btcgold,,0,#DIV/0!
0.0000000600,0.0001554840,,,XVE,7.03354,962,the-vegan-initiative,,0,#DIV/0!
0.0000003200,0.0008292500,,,SHA,6.81074,963,shacoin,,0,#DIV/0!
0.0005450000,1.4123200000,,,BTG,5.29646,964,bitgem,,0,#DIV/0!
0.0000015200,0.0039389400,,,SKC,4.49429,965,skeincoin,,0,#DIV/0!
0.0000019600,0.0050791600,,,AXIOM,3.75858,966,axiom,,0,#DIV/0!
0.0000777900,0.2015860000,218254,,GPL,3.51091,967,gold-pressed-latinum,,0,#DIV/0!
0.0000000900,0.0002332270,,,LTH,3.09715,968,lathaan,,0,#DIV/0!
0.0000009600,0.0024877500,1378369,,PI,2.59141,969,picoin,,0,#DIV/0!
0.0000006000,0.0015548400,,,BAC,1.39143,970,bitalphacoin,,0,#DIV/0!
0.0000000800,0.0002073130,,,MONETA,1.18943,971,moneta2,,0,#DIV/0!
0.0000015600,0.0040425900,,,OCOW,1.12529,972,ocow,,0,#DIV/0!
0.0000002600,0.0006737660,36309296,,OP,1.03654,973,operand,,0,#DIV/0!
0.0000000020,0.0000057303,,,NBE,0.72801,974,bitcentavo,,0,#DIV/0!
0.0000013900,0.0036020600,,,CLINT,0.697166,975,clinton,,0,#DIV/0!
0.0000002500,0.0006478520,84078950,,GMX,0.631111,976,goldmaxcoin,,0,#DIV/0!
0.0000000300,0.0000777422,,,PAYP,0.557282,977,paypeer,,0,#DIV/0!
0.0000067000,0.0173624000,,,SHELL,0.51981,978,shellcoin,,0,#DIV/0!
0.0000007900,0.0020472100,,,MMXVI,0.37153,979,mmxvi,,0,#DIV/0!
0.0000004700,0.0012179600,,,OPES,0.326621,980,opescoin,,0,#DIV/0!
0.0000022800,0.0059084100,15005722,,MAVRO,0.303091,981,mavro,,0,#DIV/0!
0.0000000300,0.0000777422,,,POKE,0.266708,982,pokecoin,,0,#DIV/0!
0.0000000500,0.0001295700,,,CHEAP,0.260177,983,cheapcoin,,0,#DIV/0!
0.0000000100,0.0000259141,57968072167,,HILL,0.259167,984,president-clinton,,0,#DIV/0!
0.0000002000,0.0005182810,17888425,,DISK,0.259141,985,darklisk,,0,#DIV/0!
0.0000001400,0.0003595740,,,ASC,0.199763,986,asiccoin,,0,#DIV/0!
0.0000412900,0.1070000000,8901692,,WEC,0.107,987,wowecoin,,0,#DIV/0!
0.0000172000,0.0445770000,,,IEC,0.0471364,988,ivugeocoin,,0,#DIV/0!
0.0000017600,0.0043672500,,,BET,,989,betacoin,,0,#DIV/0!
0.0000000400,0.0000988343,,,ANI,,990,animecoin,,0,#DIV/0!
0.0000000100,0.0000273198,,,MRC,,991,microcoin,,0,#DIV/0!
0.0500000000,129.3270000000,,,SYNC,,992,sync,,0,#DIV/0!
0.0000013200,0.0033663000,,,GML,,993,gameleaguecoin,,0,#DIV/0!
0.0000045300,0.0125353000,,,XAU,,994,xaucoin,,0,#DIV/0!
0.0000121000,0.0311792000,,,TP1,,995,kolschcoin,,0,#DIV/0!
0.0000003300,0.0008202610,,,DUB,,996,dubstep,,0,#DIV/0!
0.0000236900,0.0587193000,,,DCRE,,997,deltacredits,,0,#DIV/0!
0.0000000200,0.0000494604,,,CME,,998,cashme,,0,#DIV/0!
0.0000000200,0.0000495055,,,X2,,999,x2,,0,#DIV/0!
0.0000025000,0.0068771600,,,PSY,,1000,psilocybin,,0,#DIV/0!
0.0139999000,36.8623000000,,,ELCO,,1001,elcoin,,0,#DIV/0!
0.0000048300,0.0122329000,,,XID,,1002,international-diamond,,0,#DIV/0!
0.0000005300,0.0013468200,,,TODAY,,1003,todaycoin,,0,#DIV/0!
0.0000750000,0.1919300000,10135674,,OMC,,1004,omicron,,0,#DIV/0!
0.0000004000,0.0010256400,,,CBD,,1005,cbd-crystals,,0,#DIV/0!
0.0004333600,1.1218200000,1000000001,,TROPTIONS,,1006,troptions,,0,#DIV/0!
0.0000003600,0.0009139860,,,GMB,,1007,gambleo,,0,#DIV/0!
0.0000000100,0.0000258243,21000000,,QRZ,,1008,quartz-qrz,,0,#DIV/0!
0.0000130000,0.0322362000,,,ZENGOLD,,1009,zengold,,0,#DIV/0!
0.0002568200,0.5639040000,,,WARRANT,,1010,warrant,,0,#DIV/0!
